path,annotations
/Users/tom/Desktop/MIDS_TPG/W251/MIDS_HW8/images/videoplayback0051.jpg,[{"label":"tiefighter","type":"rectangle","coordinates":{"x":161,"y":169,"width":11,"height":13}},{"label":"tiefighter","type":"rectangle","coordinates":{"x":139,"y":154,"width":11,"height":11}}]
/Users/tom/Desktop/MIDS_TPG/W251/MIDS_HW8/images/videoplayback0057.jpg,[{"label":"tiefighter","type":"rectangle","coordinates":{"x":172,"y":165,"width":13,"height":13}},{"label":"tiefighter","type":"rectangle","coordinates":{"x":147,"y":150,"width":11,"height":11}}]
/Users/tom/Desktop/MIDS_TPG/W251/MIDS_HW8/images/videoplayback0084.jpg,[{"label":"tiefighter","type":"rectangle","coordinates":{"x":82,"y":285,"width":12,"height":13}},{"label":"tiefighter","type":"rectangle","coordinates":{"x":58,"y":264,"width":11,"height":11}}]
/Users/tom/Desktop/MIDS_TPG/W251/MIDS_HW8/images/videoplayback0090.jpg,[{"label":"tiefighter","type":"rectangle","coordinates":{"x":99,"y":284,"width":13,"height":14}},{"label":"tiefighter","type":"rectangle","coordinates":{"x":74,"y":263,"width":11,"height":10}}]
/Users/tom/Desktop/MIDS_TPG/W251/MIDS_HW8/images/videoplayback0096.jpg,[{"label":"tiefighter","type":"rectangle","coordinates":{"x":116,"y":284,"width":11,"height":12}},{"label":"tiefighter","type":"rectangle","coordinates":{"x":91,"y":263,"width":10,"height":9}}]
/Users/tom/Desktop/MIDS_TPG/W251/MIDS_HW8/images/videoplayback0102.jpg,[{"label":"tiefighter","type":"rectangle","coordinates":{"x":137,"y":284,"width":13,"height":13}},{"label":"tiefighter","type":"rectangle","coordinates":{"x":112,"y":263,"width":11,"height":11}}]
/Users/tom/Desktop/MIDS_TPG/W251/MIDS_HW8/images/videoplayback0108.jpg,[{"label":"tiefighter","type":"rectangle","coordinates":{"x":161,"y":284,"width":14,"height":15}},{"label":"tiefighter","type":"rectangle","coordinates":{"x":134,"y":263,"width":12,"height":11}}]
/Users/tom/Desktop/MIDS_TPG/W251/MIDS_HW8/images/videoplayback0141.jpg,[{"label":"tiefighter","type":"rectangle","coordinates":{"x":387,"y":189,"width":139,"height":166}}]
/Users/tom/Desktop/MIDS_TPG/W251/MIDS_HW8/images/videoplayback0147.jpg,[{"label":"tiefighter","type":"rectangle","coordinates":{"x":965,"y":278,"width":69,"height":128}},{"label":"tiefighter","type":"rectangle","coordinates":{"x":167,"y":360,"width":49,"height":41}}]
/Users/tom/Desktop/MIDS_TPG/W251/MIDS_HW8/images/videoplayback0153.jpg,[{"label":"tiefighter","type":"rectangle","coordinates":{"x":367,"y":349,"width":31,"height":28}}]
/Users/tom/Desktop/MIDS_TPG/W251/MIDS_HW8/images/videoplayback0159.jpg,[{"label":"tiefighter","type":"rectangle","coordinates":{"x":560,"y":226,"width":23,"height":27}}]
/Users/tom/Desktop/MIDS_TPG/W251/MIDS_HW8/images/videoplayback0445.jpg,[{"label":"tiefighter","type":"rectangle","coordinates":{"x":243,"y":196,"width":13,"height":12}}]
/Users/tom/Desktop/MIDS_TPG/W251/MIDS_HW8/images/videoplayback0451.jpg,[{"label":"tiefighter","type":"rectangle","coordinates":{"x":180,"y":203,"width":16,"height":16}}]
/Users/tom/Desktop/MIDS_TPG/W251/MIDS_HW8/images/videoplayback0457.jpg,[{"label":"tiefighter","type":"rectangle","coordinates":{"x":164,"y":204,"width":17,"height":18}}]
/Users/tom/Desktop/MIDS_TPG/W251/MIDS_HW8/images/videoplayback0463.jpg,[{"label":"tiefighter","type":"rectangle","coordinates":{"x":144,"y":197,"width":16,"height":17}}]
/Users/tom/Desktop/MIDS_TPG/W251/MIDS_HW8/images/videoplayback0469.jpg,[{"label":"tiefighter","type":"rectangle","coordinates":{"x":117,"y":180,"width":17,"height":15}}]
/Users/tom/Desktop/MIDS_TPG/W251/MIDS_HW8/images/videoplayback0475.jpg,[{"label":"tiefighter","type":"rectangle","coordinates":{"x":92,"y":171,"width":19,"height":19}}]
/Users/tom/Desktop/MIDS_TPG/W251/MIDS_HW8/images/videoplayback0481.jpg,[{"label":"tiefighter","type":"rectangle","coordinates":{"x":96,"y":193,"width":19,"height":20}}]
/Users/tom/Desktop/MIDS_TPG/W251/MIDS_HW8/images/videoplayback0487.jpg,[{"label":"tiefighter","type":"rectangle","coordinates":{"x":138,"y":193,"width":19,"height":21}}]
/Users/tom/Desktop/MIDS_TPG/W251/MIDS_HW8/images/videoplayback0493.jpg,[{"label":"tiefighter","type":"rectangle","coordinates":{"x":123,"y":194,"width":22,"height":22}}]
/Users/tom/Desktop/MIDS_TPG/W251/MIDS_HW8/images/videoplayback0499.jpg,[{"label":"tiefighter","type":"rectangle","coordinates":{"x":124,"y":191,"width":26,"height":29}}]
/Users/tom/Desktop/MIDS_TPG/W251/MIDS_HW8/images/videoplayback0505.jpg,[{"label":"tiefighter","type":"rectangle","coordinates":{"x":139,"y":203,"width":30,"height":32}}]
/Users/tom/Desktop/MIDS_TPG/W251/MIDS_HW8/images/videoplayback0511.jpg,[{"label":"tiefighter","type":"rectangle","coordinates":{"x":121,"y":202,"width":36,"height":39}}]
/Users/tom/Desktop/MIDS_TPG/W251/MIDS_HW8/images/videoplayback0517.jpg,[{"label":"tiefighter","type":"rectangle","coordinates":{"x":251,"y":281,"width":15,"height":11}},{"label":"tiefighter","type":"rectangle","coordinates":{"x":79,"y":190,"width":42,"height":47}}]
/Users/tom/Desktop/MIDS_TPG/W251/MIDS_HW8/images/videoplayback0523.jpg,[{"label":"tiefighter","type":"rectangle","coordinates":{"x":235,"y":275,"width":14,"height":16}},{"label":"tiefighter","type":"rectangle","coordinates":{"x":92,"y":191,"width":51,"height":58}}]
/Users/tom/Desktop/MIDS_TPG/W251/MIDS_HW8/images/videoplayback0529.jpg,[{"label":"tiefighter","type":"rectangle","coordinates":{"x":238,"y":268,"width":16,"height":18}},{"label":"tiefighter","type":"rectangle","coordinates":{"x":133,"y":187,"width":66,"height":79}}]
/Users/tom/Desktop/MIDS_TPG/W251/MIDS_HW8/images/videoplayback0535.jpg,[{"label":"tiefighter","type":"rectangle","coordinates":{"x":218,"y":257,"width":17,"height":18}},{"label":"tiefighter","type":"rectangle","coordinates":{"x":169,"y":147,"width":106,"height":131}}]
/Users/tom/Desktop/MIDS_TPG/W251/MIDS_HW8/images/videoplayback0541.jpg,[{"label":"tiefighter","type":"rectangle","coordinates":{"x":190,"y":243,"width":19,"height":20}}]
/Users/tom/Desktop/MIDS_TPG/W251/MIDS_HW8/images/videoplayback0547.jpg,[{"label":"tiefighter","type":"rectangle","coordinates":{"x":162,"y":233,"width":23,"height":22}}]
/Users/tom/Desktop/MIDS_TPG/W251/MIDS_HW8/images/videoplayback0724.jpg,[{"label":"millenium_falcon","type":"rectangle","coordinates":{"x":255,"y":304,"width":470,"height":124}}]
/Users/tom/Desktop/MIDS_TPG/W251/MIDS_HW8/images/videoplayback0730.jpg,[{"label":"millenium_falcon","type":"rectangle","coordinates":{"x":323,"y":299,"width":462,"height":118}}]
/Users/tom/Desktop/MIDS_TPG/W251/MIDS_HW8/images/videoplayback0736.jpg,[{"label":"millenium_falcon","type":"rectangle","coordinates":{"x":370,"y":302,"width":457,"height":123}}]
/Users/tom/Desktop/MIDS_TPG/W251/MIDS_HW8/images/videoplayback0742.jpg,[{"label":"millenium_falcon","type":"rectangle","coordinates":{"x":409,"y":303,"width":454,"height":122}}]
/Users/tom/Desktop/MIDS_TPG/W251/MIDS_HW8/images/videoplayback0748.jpg,[{"label":"millenium_falcon","type":"rectangle","coordinates":{"x":433,"y":300,"width":455,"height":119}}]
/Users/tom/Desktop/MIDS_TPG/W251/MIDS_HW8/images/videoplayback0754.jpg,[{"label":"millenium_falcon","type":"rectangle","coordinates":{"x":453,"y":299,"width":455,"height":121}}]
/Users/tom/Desktop/MIDS_TPG/W251/MIDS_HW8/images/videoplayback0760.jpg,[{"label":"millenium_falcon","type":"rectangle","coordinates":{"x":468,"y":298,"width":452,"height":119}}]
/Users/tom/Desktop/MIDS_TPG/W251/MIDS_HW8/images/videoplayback0766.jpg,[{"label":"millenium_falcon","type":"rectangle","coordinates":{"x":478,"y":294,"width":452,"height":113}}]
/Users/tom/Desktop/MIDS_TPG/W251/MIDS_HW8/images/videoplayback0772.jpg,[{"label":"millenium_falcon","type":"rectangle","coordinates":{"x":485,"y":294,"width":452,"height":117}}]
/Users/tom/Desktop/MIDS_TPG/W251/MIDS_HW8/images/videoplayback0778.jpg,[{"label":"millenium_falcon","type":"rectangle","coordinates":{"x":489,"y":293,"width":450,"height":118}}]
/Users/tom/Desktop/MIDS_TPG/W251/MIDS_HW8/images/videoplayback0784.jpg,[{"label":"millenium_falcon","type":"rectangle","coordinates":{"x":491,"y":292,"width":451,"height":116}}]
/Users/tom/Desktop/MIDS_TPG/W251/MIDS_HW8/images/videoplayback0790.jpg,[{"label":"tiefighter","type":"rectangle","coordinates":{"x":32,"y":198,"width":17,"height":16}},{"label":"millenium_falcon","type":"rectangle","coordinates":{"x":496,"y":291,"width":452,"height":119}}]
/Users/tom/Desktop/MIDS_TPG/W251/MIDS_HW8/images/videoplayback0796.jpg,[{"label":"millenium_falcon","type":"rectangle","coordinates":{"x":498,"y":287,"width":452,"height":117}},{"label":"tiefighter","type":"rectangle","coordinates":{"x":84,"y":192,"width":15,"height":15}}]
/Users/tom/Desktop/MIDS_TPG/W251/MIDS_HW8/images/videoplayback0802.jpg,[{"label":"millenium_falcon","type":"rectangle","coordinates":{"x":501,"y":285,"width":454,"height":118}},{"label":"tiefighter","type":"rectangle","coordinates":{"x":137,"y":188,"width":14,"height":14}}]
/Users/tom/Desktop/MIDS_TPG/W251/MIDS_HW8/images/videoplayback0808.jpg,[{"label":"millenium_falcon","type":"rectangle","coordinates":{"x":503,"y":284,"width":452,"height":116}},{"label":"tiefighter","type":"rectangle","coordinates":{"x":186,"y":185,"width":14,"height":14}}]
/Users/tom/Desktop/MIDS_TPG/W251/MIDS_HW8/images/videoplayback0814.jpg,[{"label":"millenium_falcon","type":"rectangle","coordinates":{"x":504,"y":281,"width":451,"height":116}},{"label":"tiefighter","type":"rectangle","coordinates":{"x":234,"y":182,"width":13,"height":13}}]
/Users/tom/Desktop/MIDS_TPG/W251/MIDS_HW8/images/videoplayback0820.jpg,[{"label":"millenium_falcon","type":"rectangle","coordinates":{"x":506,"y":279,"width":452,"height":115}},{"label":"tiefighter","type":"rectangle","coordinates":{"x":282,"y":181,"width":13,"height":13}}]
/Users/tom/Desktop/MIDS_TPG/W251/MIDS_HW8/images/videoplayback0826.jpg,[{"label":"millenium_falcon","type":"rectangle","coordinates":{"x":508,"y":276,"width":446,"height":113}},{"label":"tiefighter","type":"rectangle","coordinates":{"x":329,"y":179,"width":11,"height":11}},{"label":"tiefighter","type":"rectangle","coordinates":{"x":50,"y":118,"width":14,"height":13}}]
/Users/tom/Desktop/MIDS_TPG/W251/MIDS_HW8/images/videoplayback0832.jpg,[{"label":"millenium_falcon","type":"rectangle","coordinates":{"x":509,"y":273,"width":448,"height":112}},{"label":"tiefighter","type":"rectangle","coordinates":{"x":377,"y":179,"width":11,"height":9}},{"label":"tiefighter","type":"rectangle","coordinates":{"x":108,"y":118,"width":14,"height":12}}]
/Users/tom/Desktop/MIDS_TPG/W251/MIDS_HW8/images/videoplayback0838.jpg,[{"label":"millenium_falcon","type":"rectangle","coordinates":{"x":507,"y":272,"width":449,"height":114}},{"label":"tiefighter","type":"rectangle","coordinates":{"x":422,"y":179,"width":12,"height":11}},{"label":"tiefighter","type":"rectangle","coordinates":{"x":165,"y":123,"width":13,"height":12}}]
/Users/tom/Desktop/MIDS_TPG/W251/MIDS_HW8/images/videoplayback0844.jpg,[{"label":"millenium_falcon","type":"rectangle","coordinates":{"x":506,"y":272,"width":450,"height":116}},{"label":"tiefighter","type":"rectangle","coordinates":{"x":467,"y":182,"width":10,"height":11}},{"label":"tiefighter","type":"rectangle","coordinates":{"x":220,"y":130,"width":11,"height":10}}]
/Users/tom/Desktop/MIDS_TPG/W251/MIDS_HW8/images/videoplayback0850.jpg,[{"label":"millenium_falcon","type":"rectangle","coordinates":{"x":504,"y":273,"width":449,"height":115}},{"label":"tiefighter","type":"rectangle","coordinates":{"x":510,"y":187,"width":11,"height":11}},{"label":"tiefighter","type":"rectangle","coordinates":{"x":274,"y":140,"width":12,"height":11}}]
/Users/tom/Desktop/MIDS_TPG/W251/MIDS_HW8/images/videoplayback0856.jpg,[{"label":"millenium_falcon","type":"rectangle","coordinates":{"x":502,"y":274,"width":452,"height":114}},{"label":"tiefighter","type":"rectangle","coordinates":{"x":553,"y":191,"width":10,"height":13}},{"label":"tiefighter","type":"rectangle","coordinates":{"x":326,"y":150,"width":12,"height":12}}]
/Users/tom/Desktop/MIDS_TPG/W251/MIDS_HW8/images/videoplayback0862.jpg,[{"label":"millenium_falcon","type":"rectangle","coordinates":{"x":496,"y":274,"width":438,"height":117}},{"label":"tiefighter","type":"rectangle","coordinates":{"x":595,"y":195,"width":12,"height":12}},{"label":"tiefighter","type":"rectangle","coordinates":{"x":381,"y":159,"width":12,"height":12}}]
/Users/tom/Desktop/MIDS_TPG/W251/MIDS_HW8/images/videoplayback0868.jpg,[{"label":"millenium_falcon","type":"rectangle","coordinates":{"x":501,"y":276,"width":448,"height":115}},{"label":"tiefighter","type":"rectangle","coordinates":{"x":633,"y":197,"width":11,"height":11}},{"label":"tiefighter","type":"rectangle","coordinates":{"x":432,"y":169,"width":12,"height":11}}]
/Users/tom/Desktop/MIDS_TPG/W251/MIDS_HW8/images/videoplayback0874.jpg,[{"label":"millenium_falcon","type":"rectangle","coordinates":{"x":499,"y":275,"width":446,"height":117}},{"label":"tiefighter","type":"rectangle","coordinates":{"x":667,"y":199,"width":9,"height":10}},{"label":"tiefighter","type":"rectangle","coordinates":{"x":484,"y":177,"width":10,"height":12}}]
/Users/tom/Desktop/MIDS_TPG/W251/MIDS_HW8/images/videoplayback0880.jpg,[{"label":"millenium_falcon","type":"rectangle","coordinates":{"x":497,"y":277,"width":447,"height":116}},{"label":"tiefighter","type":"rectangle","coordinates":{"x":698,"y":198,"width":10,"height":11}},{"label":"tiefighter","type":"rectangle","coordinates":{"x":533,"y":184,"width":10,"height":11}}]
/Users/tom/Desktop/MIDS_TPG/W251/MIDS_HW8/images/videoplayback0886.jpg,[{"label":"millenium_falcon","type":"rectangle","coordinates":{"x":494,"y":278,"width":447,"height":116}},{"label":"tiefighter","type":"rectangle","coordinates":{"x":726,"y":196,"width":9,"height":10}},{"label":"tiefighter","type":"rectangle","coordinates":{"x":581,"y":188,"width":9,"height":9}}]
/Users/tom/Desktop/MIDS_TPG/W251/MIDS_HW8/images/videoplayback0892.jpg,[{"label":"millenium_falcon","type":"rectangle","coordinates":{"x":495,"y":275,"width":447,"height":118}},{"label":"tiefighter","type":"rectangle","coordinates":{"x":628,"y":186,"width":8,"height":10}}]
/Users/tom/Desktop/MIDS_TPG/W251/MIDS_HW8/images/videoplayback0898.jpg,[{"label":"tiefighter","type":"rectangle","coordinates":{"x":763,"y":183,"width":8,"height":7}},{"label":"millenium_falcon","type":"rectangle","coordinates":{"x":495,"y":275,"width":450,"height":119}},{"label":"tiefighter","type":"rectangle","coordinates":{"x":672,"y":187,"width":9,"height":9}}]
/Users/tom/Desktop/MIDS_TPG/W251/MIDS_HW8/images/videoplayback0904.jpg,[{"label":"millenium_falcon","type":"rectangle","coordinates":{"x":493,"y":276,"width":447,"height":118}},{"label":"tiefighter","type":"rectangle","coordinates":{"x":773,"y":176,"width":8,"height":9}},{"label":"tiefighter","type":"rectangle","coordinates":{"x":710,"y":186,"width":9,"height":9}}]
/Users/tom/Desktop/MIDS_TPG/W251/MIDS_HW8/images/videoplayback0910.jpg,[{"label":"millenium_falcon","type":"rectangle","coordinates":{"x":493,"y":279,"width":446,"height":119}},{"label":"tiefighter","type":"rectangle","coordinates":{"x":779,"y":175,"width":8,"height":8}}]
/Users/tom/Desktop/MIDS_TPG/W251/MIDS_HW8/images/videoplayback1585.jpg,[{"label":"tiefighter","type":"rectangle","coordinates":{"x":200,"y":209,"width":34,"height":33}},{"label":"tiefighter","type":"rectangle","coordinates":{"x":156,"y":175,"width":63,"height":55}}]
/Users/tom/Desktop/MIDS_TPG/W251/MIDS_HW8/images/videoplayback1591.jpg,[{"label":"tiefighter","type":"rectangle","coordinates":{"x":107,"y":195,"width":51,"height":42}},{"label":"tiefighter","type":"rectangle","coordinates":{"x":110,"y":154,"width":109,"height":85}}]
/Users/tom/Desktop/MIDS_TPG/W251/MIDS_HW8/images/videoplayback1597.jpg,[{"label":"tiefighter","type":"rectangle","coordinates":{"x":364,"y":148,"width":193,"height":150}}]
/Users/tom/Desktop/MIDS_TPG/W251/MIDS_HW8/images/videoplayback1619.jpg,[{"label":"millenium_falcon","type":"rectangle","coordinates":{"x":560,"y":372,"width":586,"height":160}},{"label":"tiefighter","type":"rectangle","coordinates":{"x":905,"y":235,"width":89,"height":79}},{"label":"tiefighter","type":"rectangle","coordinates":{"x":739,"y":271,"width":38,"height":36}}]
/Users/tom/Desktop/MIDS_TPG/W251/MIDS_HW8/images/videoplayback1625.jpg,[{"label":"millenium_falcon","type":"rectangle","coordinates":{"x":557,"y":372,"width":581,"height":156}},{"label":"tiefighter","type":"rectangle","coordinates":{"x":854,"y":261,"width":57,"height":52}},{"label":"tiefighter","type":"rectangle","coordinates":{"x":696,"y":272,"width":29,"height":28}}]
/Users/tom/Desktop/MIDS_TPG/W251/MIDS_HW8/images/videoplayback1631.jpg,[{"label":"millenium_falcon","type":"rectangle","coordinates":{"x":582,"y":376,"width":605,"height":160}},{"label":"tiefighter","type":"rectangle","coordinates":{"x":830,"y":271,"width":41,"height":37}},{"label":"tiefighter","type":"rectangle","coordinates":{"x":689,"y":271,"width":23,"height":23}}]
/Users/tom/Desktop/MIDS_TPG/W251/MIDS_HW8/images/videoplayback1637.jpg,[{"label":"millenium_falcon","type":"rectangle","coordinates":{"x":577,"y":353,"width":641,"height":186}},{"label":"tiefighter","type":"rectangle","coordinates":{"x":792,"y":263,"width":33,"height":28}},{"label":"tiefighter","type":"rectangle","coordinates":{"x":666,"y":255,"width":21,"height":19}}]
/Users/tom/Desktop/MIDS_TPG/W251/MIDS_HW8/images/videoplayback1643.jpg,[{"label":"millenium_falcon","type":"rectangle","coordinates":{"x":583,"y":360,"width":596,"height":152}},{"label":"tiefighter","type":"rectangle","coordinates":{"x":618,"y":248,"width":17,"height":17}},{"label":"tiefighter","type":"rectangle","coordinates":{"x":732,"y":261,"width":25,"height":23}}]
/Users/tom/Desktop/MIDS_TPG/W251/MIDS_HW8/images/videoplayback1649.jpg,[{"label":"millenium_falcon","type":"rectangle","coordinates":{"x":596,"y":360,"width":561,"height":142}},{"label":"tiefighter","type":"rectangle","coordinates":{"x":685,"y":262,"width":21,"height":19}},{"label":"tiefighter","type":"rectangle","coordinates":{"x":583,"y":247,"width":15,"height":14}}]
/Users/tom/Desktop/MIDS_TPG/W251/MIDS_HW8/images/videoplayback1655.jpg,[{"label":"millenium_falcon","type":"rectangle","coordinates":{"x":601,"y":365,"width":576,"height":162}},{"label":"tiefighter","type":"rectangle","coordinates":{"x":563,"y":246,"width":15,"height":13}}]
/Users/tom/Desktop/MIDS_TPG/W251/MIDS_HW8/images/videoplayback1661.jpg,[{"label":"millenium_falcon","type":"rectangle","coordinates":{"x":592,"y":354,"width":587,"height":173}},{"label":"tiefighter","type":"rectangle","coordinates":{"x":613,"y":246,"width":17,"height":15}}]
/Users/tom/Desktop/MIDS_TPG/W251/MIDS_HW8/images/videoplayback1667.jpg,[{"label":"millenium_falcon","type":"rectangle","coordinates":{"x":589,"y":350,"width":586,"height":173}},{"label":"tiefighter","type":"rectangle","coordinates":{"x":580,"y":235,"width":15,"height":13}}]
/Users/tom/Desktop/MIDS_TPG/W251/MIDS_HW8/images/videoplayback1673.jpg,[{"label":"millenium_falcon","type":"rectangle","coordinates":{"x":589,"y":334,"width":581,"height":198}},{"label":"tiefighter","type":"rectangle","coordinates":{"x":552,"y":233,"width":14,"height":12}}]
/Users/tom/Desktop/MIDS_TPG/W251/MIDS_HW8/images/videoplayback1679.jpg,[{"label":"millenium_falcon","type":"rectangle","coordinates":{"x":581,"y":317,"width":576,"height":203}}]
/Users/tom/Desktop/MIDS_TPG/W251/MIDS_HW8/images/videoplayback1685.jpg,[{"label":"millenium_falcon","type":"rectangle","coordinates":{"x":571,"y":298,"width":567,"height":199}}]
/Users/tom/Desktop/MIDS_TPG/W251/MIDS_HW8/images/videoplayback1766.jpg,[{"label":"millenium_falcon","type":"rectangle","coordinates":{"x":464,"y":288,"width":909,"height":280}}]
/Users/tom/Desktop/MIDS_TPG/W251/MIDS_HW8/images/videoplayback1772.jpg,[{"label":"millenium_falcon","type":"rectangle","coordinates":{"x":472,"y":279,"width":886,"height":276}}]
/Users/tom/Desktop/MIDS_TPG/W251/MIDS_HW8/images/videoplayback1778.jpg,[{"label":"millenium_falcon","type":"rectangle","coordinates":{"x":493,"y":282,"width":866,"height":254}}]
/Users/tom/Desktop/MIDS_TPG/W251/MIDS_HW8/images/videoplayback1784.jpg,[{"label":"millenium_falcon","type":"rectangle","coordinates":{"x":499,"y":286,"width":851,"height":228}}]
/Users/tom/Desktop/MIDS_TPG/W251/MIDS_HW8/images/videoplayback1790.jpg,[{"label":"millenium_falcon","type":"rectangle","coordinates":{"x":499,"y":304,"width":849,"height":227}}]
/Users/tom/Desktop/MIDS_TPG/W251/MIDS_HW8/images/videoplayback1796.jpg,[{"label":"millenium_falcon","type":"rectangle","coordinates":{"x":513,"y":342,"width":858,"height":245}},{"label":"tiefighter","type":"rectangle","coordinates":{"x":363,"y":238,"width":24,"height":24}}]
/Users/tom/Desktop/MIDS_TPG/W251/MIDS_HW8/images/videoplayback1802.jpg,[{"label":"millenium_falcon","type":"rectangle","coordinates":{"x":499,"y":371,"width":829,"height":215}},{"label":"tiefighter","type":"rectangle","coordinates":{"x":390,"y":261,"width":15,"height":12}},{"label":"tiefighter","type":"rectangle","coordinates":{"x":332,"y":233,"width":30,"height":28}}]
/Users/tom/Desktop/MIDS_TPG/W251/MIDS_HW8/images/videoplayback1808.jpg,[{"label":"millenium_falcon","type":"rectangle","coordinates":{"x":464,"y":363,"width":802,"height":230}},{"label":"tiefighter","type":"rectangle","coordinates":{"x":350,"y":246,"width":18,"height":17}},{"label":"tiefighter","type":"rectangle","coordinates":{"x":295,"y":219,"width":37,"height":35}}]
/Users/tom/Desktop/MIDS_TPG/W251/MIDS_HW8/images/videoplayback1814.jpg,[{"label":"millenium_falcon","type":"rectangle","coordinates":{"x":439,"y":349,"width":779,"height":242}},{"label":"tiefighter","type":"rectangle","coordinates":{"x":318,"y":226,"width":22,"height":19}},{"label":"tiefighter","type":"rectangle","coordinates":{"x":269,"y":193,"width":44,"height":44}}]
/Users/tom/Desktop/MIDS_TPG/W251/MIDS_HW8/images/videoplayback1820.jpg,[{"label":"millenium_falcon","type":"rectangle","coordinates":{"x":430,"y":340,"width":749,"height":219}},{"label":"tiefighter","type":"rectangle","coordinates":{"x":292,"y":212,"width":27,"height":27}},{"label":"tiefighter","type":"rectangle","coordinates":{"x":253,"y":169,"width":54,"height":57}}]
/Users/tom/Desktop/MIDS_TPG/W251/MIDS_HW8/images/videoplayback1928.jpg,[{"label":"millenium_falcon","type":"rectangle","coordinates":{"x":442,"y":283,"width":435,"height":217}}]
/Users/tom/Desktop/MIDS_TPG/W251/MIDS_HW8/images/videoplayback1934.jpg,[{"label":"millenium_falcon","type":"rectangle","coordinates":{"x":423,"y":306,"width":477,"height":242}}]
/Users/tom/Desktop/MIDS_TPG/W251/MIDS_HW8/images/videoplayback1940.jpg,[{"label":"millenium_falcon","type":"rectangle","coordinates":{"x":413,"y":329,"width":528,"height":269}}]
/Users/tom/Desktop/MIDS_TPG/W251/MIDS_HW8/images/videoplayback1946.jpg,[{"label":"millenium_falcon","type":"rectangle","coordinates":{"x":418,"y":310,"width":561,"height":296}}]
/Users/tom/Desktop/MIDS_TPG/W251/MIDS_HW8/images/videoplayback1952.jpg,[{"label":"millenium_falcon","type":"rectangle","coordinates":{"x":423,"y":272,"width":585,"height":324}}]
/Users/tom/Desktop/MIDS_TPG/W251/MIDS_HW8/images/videoplayback1958.jpg,[{"label":"millenium_falcon","type":"rectangle","coordinates":{"x":422,"y":257,"width":622,"height":350}}]
/Users/tom/Desktop/MIDS_TPG/W251/MIDS_HW8/images/videoplayback1964.jpg,[{"label":"millenium_falcon","type":"rectangle","coordinates":{"x":435,"y":249,"width":642,"height":350}}]
/Users/tom/Desktop/MIDS_TPG/W251/MIDS_HW8/images/videoplayback2264.jpg,[{"label":"millenium_falcon","type":"rectangle","coordinates":{"x":704,"y":254,"width":98,"height":64}}]
/Users/tom/Desktop/MIDS_TPG/W251/MIDS_HW8/images/videoplayback2298.jpg,[{"label":"millenium_falcon","type":"rectangle","coordinates":{"x":349,"y":206,"width":263,"height":162}}]
/Users/tom/Desktop/MIDS_TPG/W251/MIDS_HW8/images/videoplayback2304.jpg,[{"label":"millenium_falcon","type":"rectangle","coordinates":{"x":384,"y":238,"width":145,"height":81}}]
/Users/tom/Desktop/MIDS_TPG/W251/MIDS_HW8/images/videoplayback2310.jpg,[{"label":"millenium_falcon","type":"rectangle","coordinates":{"x":389,"y":239,"width":110,"height":54}}]
/Users/tom/Desktop/MIDS_TPG/W251/MIDS_HW8/images/videoplayback2316.jpg,[{"label":"millenium_falcon","type":"rectangle","coordinates":{"x":357,"y":212,"width":87,"height":38}}]
/Users/tom/Desktop/MIDS_TPG/W251/MIDS_HW8/images/videoplayback2322.jpg,[{"label":"millenium_falcon","type":"rectangle","coordinates":{"x":342,"y":208,"width":70,"height":32}}]
/Users/tom/Desktop/MIDS_TPG/W251/MIDS_HW8/images/videoplayback2328.jpg,[{"label":"millenium_falcon","type":"rectangle","coordinates":{"x":360,"y":217,"width":59,"height":29}}]
/Users/tom/Desktop/MIDS_TPG/W251/MIDS_HW8/images/videoplayback2548.jpg,[{"label":"millenium_falcon","type":"rectangle","coordinates":{"x":394,"y":209,"width":588,"height":235}}]
/Users/tom/Desktop/MIDS_TPG/W251/MIDS_HW8/images/videoplayback2554.jpg,[{"label":"millenium_falcon","type":"rectangle","coordinates":{"x":356,"y":235,"width":394,"height":211}}]
/Users/tom/Desktop/MIDS_TPG/W251/MIDS_HW8/images/videoplayback2560.jpg,[{"label":"millenium_falcon","type":"rectangle","coordinates":{"x":313,"y":262,"width":272,"height":211}}]
/Users/tom/Desktop/MIDS_TPG/W251/MIDS_HW8/images/videoplayback2566.jpg,[{"label":"millenium_falcon","type":"rectangle","coordinates":{"x":306,"y":238,"width":185,"height":219}}]
/Users/tom/Desktop/MIDS_TPG/W251/MIDS_HW8/images/videoplayback2572.jpg,[{"label":"millenium_falcon","type":"rectangle","coordinates":{"x":302,"y":249,"width":124,"height":216}}]
/Users/tom/Desktop/MIDS_TPG/W251/MIDS_HW8/images/videoplayback2578.jpg,[{"label":"millenium_falcon","type":"rectangle","coordinates":{"x":260,"y":272,"width":76,"height":211}}]
/Users/tom/Desktop/MIDS_TPG/W251/MIDS_HW8/images/videoplayback2584.jpg,[{"label":"millenium_falcon","type":"rectangle","coordinates":{"x":254,"y":320,"width":53,"height":224}}]
/Users/tom/Desktop/MIDS_TPG/W251/MIDS_HW8/images/videoplayback2590.jpg,[{"label":"millenium_falcon","type":"rectangle","coordinates":{"x":224,"y":330,"width":64,"height":240}}]
/Users/tom/Desktop/MIDS_TPG/W251/MIDS_HW8/images/videoplayback2596.jpg,[{"label":"millenium_falcon","type":"rectangle","coordinates":{"x":269,"y":344,"width":94,"height":256}}]
/Users/tom/Desktop/MIDS_TPG/W251/MIDS_HW8/images/videoplayback2602.jpg,[{"label":"millenium_falcon","type":"rectangle","coordinates":{"x":223,"y":364,"width":123,"height":252}}]
/Users/tom/Desktop/MIDS_TPG/W251/MIDS_HW8/images/videoplayback2608.jpg,[{"label":"millenium_falcon","type":"rectangle","coordinates":{"x":237,"y":345,"width":163,"height":290}}]
/Users/tom/Desktop/MIDS_TPG/W251/MIDS_HW8/images/videoplayback2614.jpg,[{"label":"millenium_falcon","type":"rectangle","coordinates":{"x":261,"y":343,"width":217,"height":293}}]
/Users/tom/Desktop/MIDS_TPG/W251/MIDS_HW8/images/videoplayback2620.jpg,[{"label":"millenium_falcon","type":"rectangle","coordinates":{"x":341,"y":271,"width":262,"height":263}}]
/Users/tom/Desktop/MIDS_TPG/W251/MIDS_HW8/images/videoplayback2626.jpg,[{"label":"millenium_falcon","type":"rectangle","coordinates":{"x":337,"y":218,"width":292,"height":196}}]
/Users/tom/Desktop/MIDS_TPG/W251/MIDS_HW8/images/videoplayback2632.jpg,[{"label":"millenium_falcon","type":"rectangle","coordinates":{"x":448,"y":184,"width":308,"height":141}}]
/Users/tom/Desktop/MIDS_TPG/W251/MIDS_HW8/images/videoplayback2638.jpg,[{"label":"millenium_falcon","type":"rectangle","coordinates":{"x":488,"y":253,"width":332,"height":152}}]
/Users/tom/Desktop/MIDS_TPG/W251/MIDS_HW8/images/videoplayback2644.jpg,[{"label":"millenium_falcon","type":"rectangle","coordinates":{"x":603,"y":264,"width":376,"height":218}}]
/Users/tom/Desktop/MIDS_TPG/W251/MIDS_HW8/images/videoplayback2650.jpg,[{"label":"millenium_falcon","type":"rectangle","coordinates":{"x":703,"y":296,"width":448,"height":300}}]
/Users/tom/Desktop/MIDS_TPG/W251/MIDS_HW8/images/videoplayback2656.jpg,[{"label":"millenium_falcon","type":"rectangle","coordinates":{"x":751,"y":263,"width":466,"height":380}}]
/Users/tom/Desktop/MIDS_TPG/W251/MIDS_HW8/images/videoplayback2662.jpg,[{"label":"millenium_falcon","type":"rectangle","coordinates":{"x":767,"y":270,"width":462,"height":395}}]
/Users/tom/Desktop/MIDS_TPG/W251/MIDS_HW8/images/videoplayback2668.jpg,[{"label":"millenium_falcon","type":"rectangle","coordinates":{"x":706,"y":282,"width":449,"height":418}}]
/Users/tom/Desktop/MIDS_TPG/W251/MIDS_HW8/images/videoplayback2674.jpg,[{"label":"millenium_falcon","type":"rectangle","coordinates":{"x":665,"y":282,"width":401,"height":419}}]
/Users/tom/Desktop/MIDS_TPG/W251/MIDS_HW8/images/videoplayback2680.jpg,[{"label":"millenium_falcon","type":"rectangle","coordinates":{"x":582,"y":282,"width":305,"height":418}}]
/Users/tom/Desktop/MIDS_TPG/W251/MIDS_HW8/images/videoplayback2686.jpg,[{"label":"millenium_falcon","type":"rectangle","coordinates":{"x":513,"y":282,"width":178,"height":416}}]
/Users/tom/Desktop/MIDS_TPG/W251/MIDS_HW8/images/videoplayback2692.jpg,[{"label":"millenium_falcon","type":"rectangle","coordinates":{"x":595,"y":282,"width":289,"height":416}}]
/Users/tom/Desktop/MIDS_TPG/W251/MIDS_HW8/images/videoplayback2698.jpg,[{"label":"millenium_falcon","type":"rectangle","coordinates":{"x":651,"y":281,"width":477,"height":417}}]
/Users/tom/Desktop/MIDS_TPG/W251/MIDS_HW8/images/videoplayback2704.jpg,[{"label":"millenium_falcon","type":"rectangle","coordinates":{"x":683,"y":281,"width":634,"height":417}},{"label":"tiefighter","type":"rectangle","coordinates":{"x":188,"y":304,"width":46,"height":48}},{"label":"tiefighter","type":"rectangle","coordinates":{"x":155,"y":340,"width":36,"height":38}}]
/Users/tom/Desktop/MIDS_TPG/W251/MIDS_HW8/images/videoplayback2710.jpg,[{"label":"millenium_falcon","type":"rectangle","coordinates":{"x":664,"y":281,"width":628,"height":416}},{"label":"tiefighter","type":"rectangle","coordinates":{"x":230,"y":224,"width":112,"height":123}},{"label":"tiefighter","type":"rectangle","coordinates":{"x":164,"y":254,"width":53,"height":60}}]
/Users/tom/Desktop/MIDS_TPG/W251/MIDS_HW8/images/videoplayback2783.jpg,[{"label":"tiefighter","type":"rectangle","coordinates":{"x":434,"y":233,"width":39,"height":53}},{"label":"tiefighter","type":"rectangle","coordinates":{"x":28,"y":354,"width":39,"height":53}}]
/Users/tom/Desktop/MIDS_TPG/W251/MIDS_HW8/images/videoplayback2789.jpg,[{"label":"tiefighter","type":"rectangle","coordinates":{"x":499,"y":245,"width":42,"height":55}},{"label":"tiefighter","type":"rectangle","coordinates":{"x":135,"y":357,"width":40,"height":53}}]
/Users/tom/Desktop/MIDS_TPG/W251/MIDS_HW8/images/videoplayback2795.jpg,[{"label":"tiefighter","type":"rectangle","coordinates":{"x":580,"y":231,"width":42,"height":53}},{"label":"tiefighter","type":"rectangle","coordinates":{"x":253,"y":331,"width":42,"height":54}}]
/Users/tom/Desktop/MIDS_TPG/W251/MIDS_HW8/images/videoplayback2801.jpg,[{"label":"tiefighter","type":"rectangle","coordinates":{"x":646,"y":237,"width":47,"height":55}},{"label":"tiefighter","type":"rectangle","coordinates":{"x":359,"y":320,"width":42,"height":53}}]
/Users/tom/Desktop/MIDS_TPG/W251/MIDS_HW8/images/videoplayback2807.jpg,[{"label":"tiefighter","type":"rectangle","coordinates":{"x":684,"y":232,"width":59,"height":60}},{"label":"tiefighter","type":"rectangle","coordinates":{"x":445,"y":285,"width":57,"height":59}}]
/Users/tom/Desktop/MIDS_TPG/W251/MIDS_HW8/images/videoplayback2813.jpg,[{"label":"tiefighter","type":"rectangle","coordinates":{"x":720,"y":280,"width":70,"height":69}},{"label":"tiefighter","type":"rectangle","coordinates":{"x":496,"y":291,"width":65,"height":62}}]
/Users/tom/Desktop/MIDS_TPG/W251/MIDS_HW8/images/videoplayback2819.jpg,[{"label":"tiefighter","type":"rectangle","coordinates":{"x":732,"y":308,"width":81,"height":75}},{"label":"tiefighter","type":"rectangle","coordinates":{"x":514,"y":277,"width":74,"height":73}}]
/Users/tom/Desktop/MIDS_TPG/W251/MIDS_HW8/images/videoplayback2825.jpg,[{"label":"tiefighter","type":"rectangle","coordinates":{"x":751,"y":277,"width":97,"height":85}},{"label":"tiefighter","type":"rectangle","coordinates":{"x":528,"y":216,"width":91,"height":85}}]
/Users/tom/Desktop/MIDS_TPG/W251/MIDS_HW8/images/videoplayback2831.jpg,[{"label":"tiefighter","type":"rectangle","coordinates":{"x":762,"y":311,"width":122,"height":108}},{"label":"tiefighter","type":"rectangle","coordinates":{"x":514,"y":241,"width":111,"height":112}}]
/Users/tom/Desktop/MIDS_TPG/W251/MIDS_HW8/images/videoplayback2837.jpg,[{"label":"tiefighter","type":"rectangle","coordinates":{"x":756,"y":301,"width":134,"height":144}},{"label":"tiefighter","type":"rectangle","coordinates":{"x":440,"y":237,"width":168,"height":171}}]
/Users/tom/Desktop/MIDS_TPG/W251/MIDS_HW8/images/videoplayback2888.jpg,[{"label":"tiefighter","type":"rectangle","coordinates":{"x":722,"y":346,"width":48,"height":48}},{"label":"tiefighter","type":"rectangle","coordinates":{"x":508,"y":325,"width":84,"height":82}}]
/Users/tom/Desktop/MIDS_TPG/W251/MIDS_HW8/images/videoplayback2894.jpg,[{"label":"millenium_falcon","type":"rectangle","coordinates":{"x":324,"y":438,"width":548,"height":104}},{"label":"tiefighter","type":"rectangle","coordinates":{"x":667,"y":263,"width":47,"height":48}},{"label":"tiefighter","type":"rectangle","coordinates":{"x":446,"y":291,"width":80,"height":83}}]
/Users/tom/Desktop/MIDS_TPG/W251/MIDS_HW8/images/videoplayback2900.jpg,[{"label":"millenium_falcon","type":"rectangle","coordinates":{"x":312,"y":257,"width":625,"height":297}},{"label":"tiefighter","type":"rectangle","coordinates":{"x":611,"y":192,"width":47,"height":50}}]
/Users/tom/Desktop/MIDS_TPG/W251/MIDS_HW8/images/videoplayback2918.jpg,[{"label":"millenium_falcon","type":"rectangle","coordinates":{"x":435,"y":174,"width":723,"height":205}},{"label":"tiefighter","type":"rectangle","coordinates":{"x":580,"y":361,"width":70,"height":83}}]
/Users/tom/Desktop/MIDS_TPG/W251/MIDS_HW8/images/videoplayback2924.jpg,[{"label":"millenium_falcon","type":"rectangle","coordinates":{"x":528,"y":197,"width":789,"height":251}},{"label":"tiefighter","type":"rectangle","coordinates":{"x":658,"y":360,"width":83,"height":93}},{"label":"tiefighter","type":"rectangle","coordinates":{"x":376,"y":349,"width":37,"height":44}}]
/Users/tom/Desktop/MIDS_TPG/W251/MIDS_HW8/images/videoplayback3180.jpg,[{"label":"millenium_falcon","type":"rectangle","coordinates":{"x":577,"y":245,"width":104,"height":33}},{"label":"tiefighter","type":"rectangle","coordinates":{"x":626,"y":214,"width":18,"height":19}},{"label":"tiefighter","type":"rectangle","coordinates":{"x":511,"y":198,"width":24,"height":25}}]
/Users/tom/Desktop/MIDS_TPG/W251/MIDS_HW8/images/videoplayback3216.jpg,[{"label":"tiefighter","type":"rectangle","coordinates":{"x":357,"y":330,"width":79,"height":73}},{"label":"millenium_falcon","type":"rectangle","coordinates":{"x":243,"y":327,"width":118,"height":41}}]
/Users/tom/Desktop/MIDS_TPG/W251/MIDS_HW8/images/videoplayback3222.jpg,[{"label":"tiefighter","type":"rectangle","coordinates":{"x":564,"y":276,"width":337,"height":370}},{"label":"tiefighter","type":"rectangle","coordinates":{"x":452,"y":320,"width":34,"height":39}},{"label":"millenium_falcon","type":"rectangle","coordinates":{"x":388,"y":312,"width":72,"height":20}}]
/Users/tom/Desktop/MIDS_TPG/W251/MIDS_HW8/images/videoplayback3228.jpg,[{"label":"millenium_falcon","type":"rectangle","coordinates":{"x":366,"y":286,"width":58,"height":25}},{"label":"tiefighter","type":"rectangle","coordinates":{"x":421,"y":307,"width":29,"height":33}},{"label":"tiefighter","type":"rectangle","coordinates":{"x":350,"y":337,"width":78,"height":91}}]
/Users/tom/Desktop/MIDS_TPG/W251/MIDS_HW8/images/videoplayback3361.jpg,[{"label":"millenium_falcon","type":"rectangle","coordinates":{"x":472,"y":193,"width":633,"height":240}}]
/Users/tom/Desktop/MIDS_TPG/W251/MIDS_HW8/images/videoplayback3385.jpg,[{"label":"tiefighter","type":"rectangle","coordinates":{"x":736,"y":228,"width":77,"height":83}}]
/Users/tom/Desktop/MIDS_TPG/W251/MIDS_HW8/images/videoplayback3391.jpg,[{"label":"tiefighter","type":"rectangle","coordinates":{"x":729,"y":239,"width":94,"height":110}},{"label":"tiefighter","type":"rectangle","coordinates":{"x":544,"y":171,"width":80,"height":82}}]
/Users/tom/Desktop/MIDS_TPG/W251/MIDS_HW8/images/videoplayback3397.jpg,[{"label":"tiefighter","type":"rectangle","coordinates":{"x":771,"y":224,"width":164,"height":180}},{"label":"tiefighter","type":"rectangle","coordinates":{"x":419,"y":126,"width":77,"height":89}}]
/Users/tom/Desktop/MIDS_TPG/W251/MIDS_HW8/images/videoplayback3403.jpg,[{"label":"tiefighter","type":"rectangle","coordinates":{"x":760,"y":217,"width":317,"height":289}}]
/Users/tom/Desktop/MIDS_TPG/W251/MIDS_HW8/images/videoplayback3458.jpg,[{"label":"millenium_falcon","type":"rectangle","coordinates":{"x":408,"y":242,"width":134,"height":66}},{"label":"tiefighter","type":"rectangle","coordinates":{"x":854,"y":351,"width":291,"height":280}},{"label":"tiefighter","type":"rectangle","coordinates":{"x":347,"y":257,"width":135,"height":142}}]
/Users/tom/Desktop/MIDS_TPG/W251/MIDS_HW8/images/videoplayback3464.jpg,[{"label":"tiefighter","type":"rectangle","coordinates":{"x":879,"y":370,"width":239,"height":240}},{"label":"millenium_falcon","type":"rectangle","coordinates":{"x":405,"y":239,"width":128,"height":54}},{"label":"tiefighter","type":"rectangle","coordinates":{"x":270,"y":239,"width":149,"height":158}}]
/Users/tom/Desktop/MIDS_TPG/W251/MIDS_HW8/images/videoplayback3470.jpg,[{"label":"millenium_falcon","type":"rectangle","coordinates":{"x":401,"y":252,"width":126,"height":42}},{"label":"tiefighter","type":"rectangle","coordinates":{"x":871,"y":308,"width":258,"height":363}},{"label":"tiefighter","type":"rectangle","coordinates":{"x":200,"y":238,"width":159,"height":159}}]
/Users/tom/Desktop/MIDS_TPG/W251/MIDS_HW8/images/videoplayback3476.jpg,[{"label":"millenium_falcon","type":"rectangle","coordinates":{"x":403,"y":265,"width":126,"height":42}},{"label":"tiefighter","type":"rectangle","coordinates":{"x":844,"y":334,"width":310,"height":312}},{"label":"tiefighter","type":"rectangle","coordinates":{"x":156,"y":255,"width":152,"height":152}}]
/Users/tom/Desktop/MIDS_TPG/W251/MIDS_HW8/images/videoplayback3482.jpg,[{"label":"millenium_falcon","type":"rectangle","coordinates":{"x":365,"y":266,"width":123,"height":46}},{"label":"tiefighter","type":"rectangle","coordinates":{"x":774,"y":352,"width":325,"height":277}},{"label":"tiefighter","type":"rectangle","coordinates":{"x":121,"y":267,"width":141,"height":144}}]
/Users/tom/Desktop/MIDS_TPG/W251/MIDS_HW8/images/videoplayback3660.jpg,[{"label":"millenium_falcon","type":"rectangle","coordinates":{"x":529,"y":281,"width":332,"height":97}},{"label":"tiefighter","type":"rectangle","coordinates":{"x":858,"y":288,"width":25,"height":25}},{"label":"tiefighter","type":"rectangle","coordinates":{"x":769,"y":330,"width":32,"height":33}}]
/Users/tom/Desktop/MIDS_TPG/W251/MIDS_HW8/images/videoplayback3666.jpg,[{"label":"tiefighter","type":"rectangle","coordinates":{"x":923,"y":280,"width":26,"height":24}},{"label":"tiefighter","type":"rectangle","coordinates":{"x":816,"y":323,"width":33,"height":30}},{"label":"millenium_falcon","type":"rectangle","coordinates":{"x":517,"y":263,"width":360,"height":154}}]
/Users/tom/Desktop/MIDS_TPG/W251/MIDS_HW8/images/videoplayback3672.jpg,[{"label":"millenium_falcon","type":"rectangle","coordinates":{"x":542,"y":282,"width":370,"height":221}},{"label":"tiefighter","type":"rectangle","coordinates":{"x":900,"y":347,"width":33,"height":30}}]
/Users/tom/Desktop/MIDS_TPG/W251/MIDS_HW8/images/videoplayback3678.jpg,[{"label":"tiefighter","type":"rectangle","coordinates":{"x":938,"y":324,"width":33,"height":36}},{"label":"millenium_falcon","type":"rectangle","coordinates":{"x":528,"y":253,"width":378,"height":287}}]
/Users/tom/Desktop/MIDS_TPG/W251/MIDS_HW8/images/videoplayback3684.jpg,[{"label":"millenium_falcon","type":"rectangle","coordinates":{"x":509,"y":236,"width":432,"height":322}},{"label":"tiefighter","type":"rectangle","coordinates":{"x":983,"y":323,"width":34,"height":40}}]
/Users/tom/Desktop/MIDS_TPG/W251/MIDS_HW8/images/videoplayback3690.jpg,[{"label":"millenium_falcon","type":"rectangle","coordinates":{"x":455,"y":254,"width":536,"height":360}}]
/Users/tom/Desktop/MIDS_TPG/W251/MIDS_HW8/images/videoplayback3696.jpg,[{"label":"millenium_falcon","type":"rectangle","coordinates":{"x":352,"y":277,"width":700,"height":411}}]
/Users/tom/Desktop/MIDS_TPG/W251/MIDS_HW8/images/videoplayback3702.jpg,[{"label":"millenium_falcon","type":"rectangle","coordinates":{"x":319,"y":272,"width":638,"height":398}}]
/Users/tom/Desktop/MIDS_TPG/W251/MIDS_HW8/images/videoplayback3726.jpg,[{"label":"millenium_falcon","type":"rectangle","coordinates":{"x":211,"y":342,"width":195,"height":228}}]
/Users/tom/Desktop/MIDS_TPG/W251/MIDS_HW8/images/videoplayback3732.jpg,[{"label":"millenium_falcon","type":"rectangle","coordinates":{"x":306,"y":343,"width":166,"height":173}}]
/Users/tom/Desktop/MIDS_TPG/W251/MIDS_HW8/images/videoplayback3738.jpg,[{"label":"millenium_falcon","type":"rectangle","coordinates":{"x":390,"y":311,"width":129,"height":135}}]
/Users/tom/Desktop/MIDS_TPG/W251/MIDS_HW8/images/videoplayback3744.jpg,[{"label":"millenium_falcon","type":"rectangle","coordinates":{"x":468,"y":322,"width":105,"height":111}}]
/Users/tom/Desktop/MIDS_TPG/W251/MIDS_HW8/images/videoplayback3750.jpg,[{"label":"millenium_falcon","type":"rectangle","coordinates":{"x":526,"y":336,"width":89,"height":90}}]
/Users/tom/Desktop/MIDS_TPG/W251/MIDS_HW8/images/videoplayback3756.jpg,[{"label":"millenium_falcon","type":"rectangle","coordinates":{"x":555,"y":318,"width":54,"height":51}}]
/Users/tom/Desktop/MIDS_TPG/W251/MIDS_HW8/images/videoplayback3762.jpg,[{"label":"millenium_falcon","type":"rectangle","coordinates":{"x":597,"y":317,"width":77,"height":43}}]
/Users/tom/Desktop/MIDS_TPG/W251/MIDS_HW8/images/videoplayback3768.jpg,[{"label":"millenium_falcon","type":"rectangle","coordinates":{"x":604,"y":301,"width":68,"height":25}}]
/Users/tom/Desktop/MIDS_TPG/W251/MIDS_HW8/images/videoplayback3774.jpg,[{"label":"millenium_falcon","type":"rectangle","coordinates":{"x":607,"y":305,"width":57,"height":20}},{"label":"tiefighter","type":"rectangle","coordinates":{"x":523,"y":240,"width":242,"height":236}}]
/Users/tom/Desktop/MIDS_TPG/W251/MIDS_HW8/images/videoplayback3780.jpg,[{"label":"millenium_falcon","type":"rectangle","coordinates":{"x":600,"y":326,"width":48,"height":24}},{"label":"tiefighter","type":"rectangle","coordinates":{"x":449,"y":278,"width":117,"height":116}}]
/Users/tom/Desktop/MIDS_TPG/W251/MIDS_HW8/images/videoplayback3786.jpg,[{"label":"millenium_falcon","type":"rectangle","coordinates":{"x":580,"y":337,"width":41,"height":24}},{"label":"tiefighter","type":"rectangle","coordinates":{"x":450,"y":299,"width":75,"height":72}}]
/Users/tom/Desktop/MIDS_TPG/W251/MIDS_HW8/images/videoplayback3792.jpg,[{"label":"millenium_falcon","type":"rectangle","coordinates":{"x":552,"y":340,"width":33,"height":23}},{"label":"tiefighter","type":"rectangle","coordinates":{"x":468,"y":310,"width":57,"height":53}}]
/Users/tom/Desktop/MIDS_TPG/W251/MIDS_HW8/images/videoplayback3798.jpg,[{"label":"millenium_falcon","type":"rectangle","coordinates":{"x":527,"y":342,"width":28,"height":18}},{"label":"tiefighter","type":"rectangle","coordinates":{"x":485,"y":314,"width":30,"height":42}},{"label":"tiefighter","type":"rectangle","coordinates":{"x":568,"y":200,"width":337,"height":254}}]
/Users/tom/Desktop/MIDS_TPG/W251/MIDS_HW8/images/videoplayback3804.jpg,[{"label":"millenium_falcon","type":"rectangle","coordinates":{"x":498,"y":346,"width":25,"height":17}},{"label":"tiefighter","type":"rectangle","coordinates":{"x":511,"y":320,"width":32,"height":34}},{"label":"tiefighter","type":"rectangle","coordinates":{"x":398,"y":290,"width":116,"height":111}}]
/Users/tom/Desktop/MIDS_TPG/W251/MIDS_HW8/images/videoplayback3810.jpg,[{"label":"millenium_falcon","type":"rectangle","coordinates":{"x":474,"y":352,"width":19,"height":13}},{"label":"tiefighter","type":"rectangle","coordinates":{"x":523,"y":325,"width":23,"height":25}},{"label":"tiefighter","type":"rectangle","coordinates":{"x":385,"y":304,"width":65,"height":67}}]
/Users/tom/Desktop/MIDS_TPG/W251/MIDS_HW8/images/videoplayback3844.jpg,[{"label":"millenium_falcon","type":"rectangle","coordinates":{"x":554,"y":333,"width":677,"height":316}}]
/Users/tom/Desktop/MIDS_TPG/W251/MIDS_HW8/images/videoplayback3856.jpg,[{"label":"millenium_falcon","type":"rectangle","coordinates":{"x":423,"y":191,"width":430,"height":237}}]
/Users/tom/Desktop/MIDS_TPG/W251/MIDS_HW8/images/videoplayback3880.jpg,[{"label":"millenium_falcon","type":"rectangle","coordinates":{"x":392,"y":226,"width":257,"height":199}}]
/Users/tom/Desktop/MIDS_TPG/W251/MIDS_HW8/images/videoplayback3911.jpg,[{"label":"millenium_falcon","type":"rectangle","coordinates":{"x":401,"y":223,"width":280,"height":207}}]
/Users/tom/Desktop/MIDS_TPG/W251/MIDS_HW8/images/videoplayback3917.jpg,[{"label":"millenium_falcon","type":"rectangle","coordinates":{"x":409,"y":323,"width":318,"height":216}}]
/Users/tom/Desktop/MIDS_TPG/W251/MIDS_HW8/images/videoplayback3923.jpg,[{"label":"millenium_falcon","type":"rectangle","coordinates":{"x":413,"y":403,"width":384,"height":174}}]
/Users/tom/Desktop/MIDS_TPG/W251/MIDS_HW8/images/videoplayback3929.jpg,[{"label":"millenium_falcon","type":"rectangle","coordinates":{"x":404,"y":368,"width":548,"height":194}}]
/Users/tom/Desktop/MIDS_TPG/W251/MIDS_HW8/images/videoplayback4007.jpg,[{"label":"tiefighter","type":"rectangle","coordinates":{"x":597,"y":355,"width":54,"height":68}},{"label":"tiefighter","type":"rectangle","coordinates":{"x":563,"y":375,"width":68,"height":49}},{"label":"millenium_falcon","type":"rectangle","coordinates":{"x":475,"y":303,"width":216,"height":117}}]
/Users/tom/Desktop/MIDS_TPG/W251/MIDS_HW8/images/videoplayback4013.jpg,[{"label":"millenium_falcon","type":"rectangle","coordinates":{"x":514,"y":327,"width":245,"height":162}},{"label":"tiefighter","type":"rectangle","coordinates":{"x":549,"y":386,"width":70,"height":66}},{"label":"tiefighter","type":"rectangle","coordinates":{"x":581,"y":395,"width":80,"height":83}}]
/Users/tom/Desktop/MIDS_TPG/W251/MIDS_HW8/images/videoplayback4019.jpg,[{"label":"tiefighter","type":"rectangle","coordinates":{"x":627,"y":373,"width":94,"height":91}},{"label":"tiefighter","type":"rectangle","coordinates":{"x":538,"y":357,"width":72,"height":84}},{"label":"millenium_falcon","type":"rectangle","coordinates":{"x":472,"y":292,"width":202,"height":290}}]
/Users/tom/Desktop/MIDS_TPG/W251/MIDS_HW8/images/videoplayback4025.jpg,[{"label":"millenium_falcon","type":"rectangle","coordinates":{"x":389,"y":287,"width":195,"height":382}},{"label":"tiefighter","type":"rectangle","coordinates":{"x":756,"y":381,"width":108,"height":107}},{"label":"tiefighter","type":"rectangle","coordinates":{"x":611,"y":358,"width":98,"height":99}}]
/Users/tom/Desktop/MIDS_TPG/W251/MIDS_HW8/images/videoplayback4031.jpg,[{"label":"tiefighter","type":"rectangle","coordinates":{"x":953,"y":344,"width":94,"height":126}},{"label":"tiefighter","type":"rectangle","coordinates":{"x":761,"y":301,"width":123,"height":116}},{"label":"millenium_falcon","type":"rectangle","coordinates":{"x":335,"y":273,"width":233,"height":399}}]
/Users/tom/Desktop/MIDS_TPG/W251/MIDS_HW8/images/videoplayback4037.jpg,[{"label":"tiefighter","type":"rectangle","coordinates":{"x":943,"y":319,"width":113,"height":163}},{"label":"tiefighter","type":"rectangle","coordinates":{"x":819,"y":272,"width":149,"height":147}}]
/Users/tom/Desktop/MIDS_TPG/W251/MIDS_HW8/images/videoplayback4043.jpg,[{"label":"tiefighter","type":"rectangle","coordinates":{"x":901,"y":258,"width":197,"height":205}},{"label":"tiefighter","type":"rectangle","coordinates":{"x":821,"y":324,"width":242,"height":239}}]
/Users/tom/Desktop/MIDS_TPG/W251/MIDS_HW8/images/videoplayback4049.jpg,[{"label":"tiefighter","type":"rectangle","coordinates":{"x":934,"y":245,"width":131,"height":234}},{"label":"tiefighter","type":"rectangle","coordinates":{"x":702,"y":308,"width":311,"height":325}}]
/Users/tom/Desktop/MIDS_TPG/W251/MIDS_HW8/images/videoplayback4055.jpg,[{"label":"tiefighter","type":"rectangle","coordinates":{"x":593,"y":281,"width":604,"height":416}}]
/Users/tom/Desktop/MIDS_TPG/W251/MIDS_HW8/images/videoplayback4112.jpg,[{"label":"millenium_falcon","type":"rectangle","coordinates":{"x":407,"y":199,"width":305,"height":255}}]
/Users/tom/Desktop/MIDS_TPG/W251/MIDS_HW8/images/videoplayback4118.jpg,[{"label":"tiefighter","type":"rectangle","coordinates":{"x":876,"y":263,"width":248,"height":344}},{"label":"millenium_falcon","type":"rectangle","coordinates":{"x":525,"y":168,"width":138,"height":147}}]
/Users/tom/Desktop/MIDS_TPG/W251/MIDS_HW8/images/videoplayback4124.jpg,[{"label":"millenium_falcon","type":"rectangle","coordinates":{"x":633,"y":265,"width":67,"height":96}},{"label":"tiefighter","type":"rectangle","coordinates":{"x":647,"y":191,"width":184,"height":206}}]
/Users/tom/Desktop/MIDS_TPG/W251/MIDS_HW8/images/videoplayback4130.jpg,[{"label":"tiefighter","type":"rectangle","coordinates":{"x":521,"y":153,"width":163,"height":161}}]
/Users/tom/Desktop/MIDS_TPG/W251/MIDS_HW8/images/videoplayback4136.jpg,[{"label":"tiefighter","type":"rectangle","coordinates":{"x":487,"y":234,"width":133,"height":142}}]
/Users/tom/Desktop/MIDS_TPG/W251/MIDS_HW8/images/videoplayback4142.jpg,[{"label":"tiefighter","type":"rectangle","coordinates":{"x":518,"y":325,"width":113,"height":111}}]
/Users/tom/Desktop/MIDS_TPG/W251/MIDS_HW8/images/videoplayback4154.jpg,[{"label":"tiefighter","type":"rectangle","coordinates":{"x":653,"y":395,"width":87,"height":92}}]
/Users/tom/Desktop/MIDS_TPG/W251/MIDS_HW8/images/videoplayback4160.jpg,[{"label":"tiefighter","type":"rectangle","coordinates":{"x":648,"y":305,"width":64,"height":73}}]
/Users/tom/Desktop/MIDS_TPG/W251/MIDS_HW8/images/videoplayback4166.jpg,[{"label":"tiefighter","type":"rectangle","coordinates":{"x":659,"y":264,"width":54,"height":60}},{"label":"millenium_falcon","type":"rectangle","coordinates":{"x":638,"y":216,"width":127,"height":52}}]
/Users/tom/Desktop/MIDS_TPG/W251/MIDS_HW8/images/videoplayback4172.jpg,[{"label":"millenium_falcon","type":"rectangle","coordinates":{"x":610,"y":240,"width":106,"height":77}},{"label":"tiefighter","type":"rectangle","coordinates":{"x":673,"y":262,"width":63,"height":67}}]
/Users/tom/Desktop/MIDS_TPG/W251/MIDS_HW8/images/videoplayback4178.jpg,[{"label":"tiefighter","type":"rectangle","coordinates":{"x":676,"y":231,"width":65,"height":61}},{"label":"millenium_falcon","type":"rectangle","coordinates":{"x":589,"y":223,"width":88,"height":87}}]
/Users/tom/Desktop/MIDS_TPG/W251/MIDS_HW8/images/videoplayback4184.jpg,[{"label":"tiefighter","type":"rectangle","coordinates":{"x":854,"y":281,"width":289,"height":418}},{"label":"tiefighter","type":"rectangle","coordinates":{"x":633,"y":234,"width":62,"height":56}},{"label":"millenium_falcon","type":"rectangle","coordinates":{"x":531,"y":235,"width":82,"height":88}}]
/Users/tom/Desktop/MIDS_TPG/W251/MIDS_HW8/images/videoplayback4190.jpg,[{"label":"tiefighter","type":"rectangle","coordinates":{"x":646,"y":367,"width":229,"height":246}},{"label":"millenium_falcon","type":"rectangle","coordinates":{"x":457,"y":195,"width":75,"height":86}},{"label":"tiefighter","type":"rectangle","coordinates":{"x":575,"y":184,"width":57,"height":53}}]
/Users/tom/Desktop/MIDS_TPG/W251/MIDS_HW8/images/videoplayback4196.jpg,[{"label":"tiefighter","type":"rectangle","coordinates":{"x":613,"y":392,"width":169,"height":192}},{"label":"tiefighter","type":"rectangle","coordinates":{"x":620,"y":162,"width":52,"height":51}},{"label":"millenium_falcon","type":"rectangle","coordinates":{"x":477,"y":182,"width":73,"height":82}}]
/Users/tom/Desktop/MIDS_TPG/W251/MIDS_HW8/images/videoplayback4202.jpg,[{"label":"tiefighter","type":"rectangle","coordinates":{"x":621,"y":382,"width":138,"height":149}},{"label":"tiefighter","type":"rectangle","coordinates":{"x":686,"y":173,"width":48,"height":50}},{"label":"millenium_falcon","type":"rectangle","coordinates":{"x":522,"y":181,"width":95,"height":46}}]
/Users/tom/Desktop/MIDS_TPG/W251/MIDS_HW8/images/videoplayback4208.jpg,[{"label":"tiefighter","type":"rectangle","coordinates":{"x":579,"y":399,"width":117,"height":118}},{"label":"tiefighter","type":"rectangle","coordinates":{"x":686,"y":241,"width":42,"height":43}},{"label":"millenium_falcon","type":"rectangle","coordinates":{"x":506,"y":224,"width":92,"height":33}}]
/Users/tom/Desktop/MIDS_TPG/W251/MIDS_HW8/images/videoplayback4270.jpg,[{"label":"millenium_falcon","type":"rectangle","coordinates":{"x":447,"y":390,"width":279,"height":194}}]
/Users/tom/Desktop/MIDS_TPG/W251/MIDS_HW8/images/videoplayback4276.jpg,[{"label":"millenium_falcon","type":"rectangle","coordinates":{"x":378,"y":286,"width":202,"height":127}}]
/Users/tom/Desktop/MIDS_TPG/W251/MIDS_HW8/images/videoplayback4282.jpg,[{"label":"tiefighter","type":"rectangle","coordinates":{"x":609,"y":192,"width":370,"height":237}},{"label":"millenium_falcon","type":"rectangle","coordinates":{"x":367,"y":319,"width":170,"height":82}}]
/Users/tom/Desktop/MIDS_TPG/W251/MIDS_HW8/images/videoplayback4288.jpg,[{"label":"millenium_falcon","type":"rectangle","coordinates":{"x":372,"y":315,"width":144,"height":34}},{"label":"tiefighter","type":"rectangle","coordinates":{"x":511,"y":188,"width":200,"height":212}}]
/Users/tom/Desktop/MIDS_TPG/W251/MIDS_HW8/images/videoplayback4294.jpg,[{"label":"tiefighter","type":"rectangle","coordinates":{"x":776,"y":254,"width":447,"height":364}},{"label":"tiefighter","type":"rectangle","coordinates":{"x":477,"y":199,"width":123,"height":152}},{"label":"millenium_falcon","type":"rectangle","coordinates":{"x":378,"y":290,"width":121,"height":35}}]
/Users/tom/Desktop/MIDS_TPG/W251/MIDS_HW8/images/videoplayback4300.jpg,[{"label":"tiefighter","type":"rectangle","coordinates":{"x":716,"y":224,"width":291,"height":301}},{"label":"tiefighter","type":"rectangle","coordinates":{"x":472,"y":235,"width":115,"height":128}},{"label":"millenium_falcon","type":"rectangle","coordinates":{"x":394,"y":295,"width":103,"height":31}}]
/Users/tom/Desktop/MIDS_TPG/W251/MIDS_HW8/images/videoplayback4306.jpg,[{"label":"tiefighter","type":"rectangle","coordinates":{"x":686,"y":222,"width":254,"height":282}},{"label":"tiefighter","type":"rectangle","coordinates":{"x":470,"y":231,"width":90,"height":103}},{"label":"millenium_falcon","type":"rectangle","coordinates":{"x":410,"y":275,"width":93,"height":25}}]
/Users/tom/Desktop/MIDS_TPG/W251/MIDS_HW8/images/videoplayback4312.jpg,[{"label":"millenium_falcon","type":"rectangle","coordinates":{"x":427,"y":283,"width":61,"height":21}},{"label":"tiefighter","type":"rectangle","coordinates":{"x":719,"y":253,"width":280,"height":287}},{"label":"tiefighter","type":"rectangle","coordinates":{"x":473,"y":251,"width":64,"height":75}}]
/Users/tom/Desktop/MIDS_TPG/W251/MIDS_HW8/images/videoplayback4419.jpg,[{"label":"tiefighter","type":"rectangle","coordinates":{"x":838,"y":384,"width":156,"height":160}},{"label":"tiefighter","type":"rectangle","coordinates":{"x":480,"y":358,"width":56,"height":57}},{"label":"millenium_falcon","type":"rectangle","coordinates":{"x":477,"y":321,"width":57,"height":17}}]
/Users/tom/Desktop/MIDS_TPG/W251/MIDS_HW8/images/videoplayback4425.jpg,[{"label":"tiefighter","type":"rectangle","coordinates":{"x":769,"y":402,"width":150,"height":147}},{"label":"tiefighter","type":"rectangle","coordinates":{"x":537,"y":334,"width":57,"height":51}},{"label":"millenium_falcon","type":"rectangle","coordinates":{"x":433,"y":301,"width":63,"height":51}}]
/Users/tom/Desktop/MIDS_TPG/W251/MIDS_HW8/images/videoplayback4431.jpg,[{"label":"tiefighter","type":"rectangle","coordinates":{"x":718,"y":421,"width":153,"height":137}},{"label":"millenium_falcon","type":"rectangle","coordinates":{"x":319,"y":294,"width":86,"height":75}}]
/Users/tom/Desktop/MIDS_TPG/W251/MIDS_HW8/images/videoplayback4437.jpg,[{"label":"tiefighter","type":"rectangle","coordinates":{"x":863,"y":245,"width":62,"height":45}},{"label":"tiefighter","type":"rectangle","coordinates":{"x":642,"y":399,"width":144,"height":170}},{"label":"millenium_falcon","type":"rectangle","coordinates":{"x":116,"y":249,"width":108,"height":88}}]
/Users/tom/Desktop/MIDS_TPG/W251/MIDS_HW8/images/videoplayback4449.jpg,[{"label":"tiefighter","type":"rectangle","coordinates":{"x":914,"y":290,"width":31,"height":29}},{"label":"millenium_falcon","type":"rectangle","coordinates":{"x":502,"y":321,"width":65,"height":68}}]
/Users/tom/Desktop/MIDS_TPG/W251/MIDS_HW8/images/videoplayback4455.jpg,[{"label":"tiefighter","type":"rectangle","coordinates":{"x":844,"y":302,"width":40,"height":36}},{"label":"millenium_falcon","type":"rectangle","coordinates":{"x":453,"y":305,"width":67,"height":96}}]
/Users/tom/Desktop/MIDS_TPG/W251/MIDS_HW8/images/videoplayback4461.jpg,[{"label":"millenium_falcon","type":"rectangle","coordinates":{"x":402,"y":279,"width":131,"height":138}},{"label":"tiefighter","type":"rectangle","coordinates":{"x":740,"y":306,"width":49,"height":42}}]
/Users/tom/Desktop/MIDS_TPG/W251/MIDS_HW8/images/videoplayback4467.jpg,[{"label":"millenium_falcon","type":"rectangle","coordinates":{"x":178,"y":241,"width":355,"height":240}},{"label":"tiefighter","type":"rectangle","coordinates":{"x":630,"y":311,"width":50,"height":53}}]
/Users/tom/Desktop/MIDS_TPG/W251/MIDS_HW8/images/videoplayback4473.jpg,[{"label":"tiefighter","type":"rectangle","coordinates":{"x":499,"y":311,"width":83,"height":86}}]
/Users/tom/Desktop/MIDS_TPG/W251/MIDS_HW8/images/videoplayback4491.jpg,[{"label":"tiefighter","type":"rectangle","coordinates":{"x":673,"y":273,"width":10,"height":8}},{"label":"millenium_falcon","type":"rectangle","coordinates":{"x":604,"y":304,"width":28,"height":11}}]
/Users/tom/Desktop/MIDS_TPG/W251/MIDS_HW8/images/videoplayback4497.jpg,[{"label":"tiefighter","type":"rectangle","coordinates":{"x":715,"y":269,"width":9,"height":8}},{"label":"millenium_falcon","type":"rectangle","coordinates":{"x":615,"y":300,"width":33,"height":15}}]
/Users/tom/Desktop/MIDS_TPG/W251/MIDS_HW8/images/videoplayback4503.jpg,[{"label":"tiefighter","type":"rectangle","coordinates":{"x":752,"y":269,"width":12,"height":9}},{"label":"millenium_falcon","type":"rectangle","coordinates":{"x":598,"y":297,"width":41,"height":19}}]
/Users/tom/Desktop/MIDS_TPG/W251/MIDS_HW8/images/videoplayback4509.jpg,[{"label":"tiefighter","type":"rectangle","coordinates":{"x":771,"y":279,"width":14,"height":12}},{"label":"millenium_falcon","type":"rectangle","coordinates":{"x":556,"y":290,"width":46,"height":19}}]
/Users/tom/Desktop/MIDS_TPG/W251/MIDS_HW8/images/videoplayback4515.jpg,[{"label":"millenium_falcon","type":"rectangle","coordinates":{"x":509,"y":280,"width":41,"height":17}},{"label":"tiefighter","type":"rectangle","coordinates":{"x":752,"y":292,"width":14,"height":13}}]
/Users/tom/Desktop/MIDS_TPG/W251/MIDS_HW8/images/videoplayback4521.jpg,[{"label":"tiefighter","type":"rectangle","coordinates":{"x":684,"y":293,"width":15,"height":15}},{"label":"millenium_falcon","type":"rectangle","coordinates":{"x":465,"y":271,"width":33,"height":11}}]
/Users/tom/Desktop/MIDS_TPG/W251/MIDS_HW8/images/videoplayback4592.jpg,[{"label":"millenium_falcon","type":"rectangle","coordinates":{"x":625,"y":243,"width":249,"height":150}},{"label":"tiefighter","type":"rectangle","coordinates":{"x":382,"y":247,"width":406,"height":348}}]
/Users/tom/Desktop/MIDS_TPG/W251/MIDS_HW8/images/videoplayback4598.jpg,[{"label":"millenium_falcon","type":"rectangle","coordinates":{"x":567,"y":200,"width":192,"height":173}},{"label":"tiefighter","type":"rectangle","coordinates":{"x":430,"y":204,"width":249,"height":243}}]
/Users/tom/Desktop/MIDS_TPG/W251/MIDS_HW8/images/videoplayback4604.jpg,[{"label":"millenium_falcon","type":"rectangle","coordinates":{"x":495,"y":182,"width":164,"height":96}},{"label":"tiefighter","type":"rectangle","coordinates":{"x":415,"y":227,"width":154,"height":165}}]
/Users/tom/Desktop/MIDS_TPG/W251/MIDS_HW8/images/videoplayback4610.jpg,[{"label":"millenium_falcon","type":"rectangle","coordinates":{"x":353,"y":200,"width":140,"height":49}},{"label":"tiefighter","type":"rectangle","coordinates":{"x":431,"y":222,"width":97,"height":87}}]
/Users/tom/Desktop/MIDS_TPG/W251/MIDS_HW8/images/videoplayback4616.jpg,[{"label":"tiefighter","type":"rectangle","coordinates":{"x":469,"y":222,"width":113,"height":102}},{"label":"millenium_falcon","type":"rectangle","coordinates":{"x":299,"y":226,"width":167,"height":41}}]
/Users/tom/Desktop/MIDS_TPG/W251/MIDS_HW8/images/videoplayback4622.jpg,[{"label":"millenium_falcon","type":"rectangle","coordinates":{"x":251,"y":261,"width":145,"height":73}},{"label":"tiefighter","type":"rectangle","coordinates":{"x":489,"y":211,"width":81,"height":78}}]
/Users/tom/Desktop/MIDS_TPG/W251/MIDS_HW8/images/videoplayback4628.jpg,[{"label":"millenium_falcon","type":"rectangle","coordinates":{"x":228,"y":258,"width":136,"height":57}},{"label":"tiefighter","type":"rectangle","coordinates":{"x":538,"y":209,"width":57,"height":58}}]
/Users/tom/Desktop/MIDS_TPG/W251/MIDS_HW8/images/videoplayback4634.jpg,[{"label":"millenium_falcon","type":"rectangle","coordinates":{"x":228,"y":257,"width":129,"height":33}},{"label":"tiefighter","type":"rectangle","coordinates":{"x":606,"y":245,"width":57,"height":55}}]
/Users/tom/Desktop/MIDS_TPG/W251/MIDS_HW8/images/videoplayback4697.jpg,[{"label":"tiefighter","type":"rectangle","coordinates":{"x":608,"y":242,"width":234,"height":162}}]
/Users/tom/Desktop/MIDS_TPG/W251/MIDS_HW8/images/videoplayback4841.jpg,[{"label":"tiefighter","type":"rectangle","coordinates":{"x":400,"y":270,"width":233,"height":243}}]
/Users/tom/Desktop/MIDS_TPG/W251/MIDS_HW8/images/videoplayback4847.jpg,[{"label":"tiefighter","type":"rectangle","coordinates":{"x":615,"y":219,"width":164,"height":199}}]
/Users/tom/Desktop/MIDS_TPG/W251/MIDS_HW8/images/videoplayback4853.jpg,[{"label":"tiefighter","type":"rectangle","coordinates":{"x":575,"y":225,"width":243,"height":225}}]
/Users/tom/Desktop/MIDS_TPG/W251/MIDS_HW8/images/videoplayback4859.jpg,[{"label":"tiefighter","type":"rectangle","coordinates":{"x":502,"y":101,"width":234,"height":55}},{"label":"millenium_falcon","type":"rectangle","coordinates":{"x":501,"y":209,"width":708,"height":193}}]
/Users/tom/Desktop/MIDS_TPG/W251/MIDS_HW8/images/videoplayback4865.jpg,[{"label":"millenium_falcon","type":"rectangle","coordinates":{"x":625,"y":257,"width":661,"height":250}},{"label":"tiefighter","type":"rectangle","coordinates":{"x":487,"y":405,"width":161,"height":103}}]
/Users/tom/Desktop/MIDS_TPG/W251/MIDS_HW8/images/videoplayback4925.jpg,[{"label":"millenium_falcon","type":"rectangle","coordinates":{"x":501,"y":177,"width":998,"height":206}},{"label":"tiefighter","type":"rectangle","coordinates":{"x":629,"y":293,"width":74,"height":87}}]
/Users/tom/Desktop/MIDS_TPG/W251/MIDS_HW8/images/videoplayback4931.jpg,[{"label":"tiefighter","type":"rectangle","coordinates":{"x":698,"y":263,"width":96,"height":104}},{"label":"millenium_falcon","type":"rectangle","coordinates":{"x":500,"y":162,"width":999,"height":174}}]
/Users/tom/Desktop/MIDS_TPG/W251/MIDS_HW8/images/videoplayback4937.jpg,[{"label":"millenium_falcon","type":"rectangle","coordinates":{"x":500,"y":163,"width":1000,"height":173}},{"label":"tiefighter","type":"rectangle","coordinates":{"x":804,"y":334,"width":106,"height":108}}]
/Users/tom/Desktop/MIDS_TPG/W251/MIDS_HW8/images/videoplayback4949.jpg,[{"label":"millenium_falcon","type":"rectangle","coordinates":{"x":688,"y":184,"width":624,"height":225}},{"label":"tiefighter","type":"rectangle","coordinates":{"x":885,"y":356,"width":101,"height":109}}]
/Users/tom/Desktop/MIDS_TPG/W251/MIDS_HW8/images/videoplayback5292.jpg,[{"label":"tiefighter","type":"rectangle","coordinates":{"x":348,"y":188,"width":12,"height":13}},{"label":"millenium_falcon","type":"rectangle","coordinates":{"x":270,"y":221,"width":48,"height":51}}]
/Users/tom/Desktop/MIDS_TPG/W251/MIDS_HW8/images/videoplayback5298.jpg,[{"label":"tiefighter","type":"rectangle","coordinates":{"x":348,"y":185,"width":15,"height":15}},{"label":"millenium_falcon","type":"rectangle","coordinates":{"x":263,"y":237,"width":52,"height":68}}]
/Users/tom/Desktop/MIDS_TPG/W251/MIDS_HW8/images/videoplayback5304.jpg,[{"label":"tiefighter","type":"rectangle","coordinates":{"x":337,"y":186,"width":16,"height":16}},{"label":"millenium_falcon","type":"rectangle","coordinates":{"x":239,"y":262,"width":55,"height":87}}]
/Users/tom/Desktop/MIDS_TPG/W251/MIDS_HW8/images/videoplayback5310.jpg,[{"label":"tiefighter","type":"rectangle","coordinates":{"x":338,"y":166,"width":19,"height":19}},{"label":"millenium_falcon","type":"rectangle","coordinates":{"x":231,"y":282,"width":61,"height":111}}]
/Users/tom/Desktop/MIDS_TPG/W251/MIDS_HW8/images/videoplayback5316.jpg,[{"label":"millenium_falcon","type":"rectangle","coordinates":{"x":218,"y":287,"width":74,"height":155}},{"label":"tiefighter","type":"rectangle","coordinates":{"x":305,"y":145,"width":21,"height":23}}]
/Users/tom/Desktop/MIDS_TPG/W251/MIDS_HW8/images/videoplayback5322.jpg,[{"label":"millenium_falcon","type":"rectangle","coordinates":{"x":204,"y":271,"width":141,"height":295}}]
/Users/tom/Desktop/MIDS_TPG/W251/MIDS_HW8/images/videoplayback5340.jpg,[{"label":"millenium_falcon","type":"rectangle","coordinates":{"x":923,"y":162,"width":154,"height":177}}]
/Users/tom/Desktop/MIDS_TPG/W251/MIDS_HW8/images/videoplayback5346.jpg,[{"label":"millenium_falcon","type":"rectangle","coordinates":{"x":855,"y":152,"width":99,"height":109}}]
/Users/tom/Desktop/MIDS_TPG/W251/MIDS_HW8/images/videoplayback5352.jpg,[{"label":"millenium_falcon","type":"rectangle","coordinates":{"x":802,"y":148,"width":79,"height":56}}]
/Users/tom/Desktop/MIDS_TPG/W251/MIDS_HW8/images/videoplayback5358.jpg,[{"label":"millenium_falcon","type":"rectangle","coordinates":{"x":781,"y":162,"width":68,"height":25}},{"label":"tiefighter","type":"rectangle","coordinates":{"x":550,"y":219,"width":173,"height":183}}]
/Users/tom/Desktop/MIDS_TPG/W251/MIDS_HW8/images/videoplayback5412.jpg,[{"label":"millenium_falcon","type":"rectangle","coordinates":{"x":686,"y":321,"width":157,"height":128}}]
/Users/tom/Desktop/MIDS_TPG/W251/MIDS_HW8/images/videoplayback5418.jpg,[{"label":"millenium_falcon","type":"rectangle","coordinates":{"x":730,"y":305,"width":274,"height":197}}]
/Users/tom/Desktop/MIDS_TPG/W251/MIDS_HW8/images/videoplayback5424.jpg,[{"label":"millenium_falcon","type":"rectangle","coordinates":{"x":775,"y":280,"width":400,"height":302}}]
/Users/tom/Desktop/MIDS_TPG/W251/MIDS_HW8/images/videoplayback5460.jpg,[{"label":"millenium_falcon","type":"rectangle","coordinates":{"x":136,"y":205,"width":234,"height":151}}]
/Users/tom/Desktop/MIDS_TPG/W251/MIDS_HW8/images/videoplayback5466.jpg,[{"label":"millenium_falcon","type":"rectangle","coordinates":{"x":210,"y":229,"width":141,"height":77}}]
/Users/tom/Desktop/MIDS_TPG/W251/MIDS_HW8/images/videoplayback5472.jpg,[{"label":"millenium_falcon","type":"rectangle","coordinates":{"x":277,"y":274,"width":88,"height":23}}]
/Users/tom/Desktop/MIDS_TPG/W251/MIDS_HW8/images/videoplayback5478.jpg,[{"label":"millenium_falcon","type":"rectangle","coordinates":{"x":333,"y":302,"width":61,"height":20}}]
/Users/tom/Desktop/MIDS_TPG/W251/MIDS_HW8/images/videoplayback5484.jpg,[{"label":"millenium_falcon","type":"rectangle","coordinates":{"x":384,"y":322,"width":47,"height":14}}]
/Users/tom/Desktop/MIDS_TPG/W251/MIDS_HW8/images/videoplayback5490.jpg,[{"label":"millenium_falcon","type":"rectangle","coordinates":{"x":428,"y":317,"width":39,"height":21}}]
/Users/tom/Desktop/MIDS_TPG/W251/MIDS_HW8/images/videoplayback5496.jpg,[{"label":"millenium_falcon","type":"rectangle","coordinates":{"x":463,"y":319,"width":32,"height":22}}]
/Users/tom/Desktop/MIDS_TPG/W251/MIDS_HW8/images/videoplayback5502.jpg,[{"label":"millenium_falcon","type":"rectangle","coordinates":{"x":488,"y":303,"width":27,"height":15}},{"label":"tiefighter","type":"rectangle","coordinates":{"x":381,"y":299,"width":101,"height":106}}]
/Users/tom/Desktop/MIDS_TPG/W251/MIDS_HW8/images/videoplayback5508.jpg,[{"label":"millenium_falcon","type":"rectangle","coordinates":{"x":508,"y":288,"width":24,"height":10}},{"label":"tiefighter","type":"rectangle","coordinates":{"x":431,"y":299,"width":47,"height":41}}]
/Users/tom/Desktop/MIDS_TPG/W251/MIDS_HW8/images/videoplayback5526.jpg,[{"label":"millenium_falcon","type":"rectangle","coordinates":{"x":873,"y":207,"width":110,"height":71}},{"label":"tiefighter","type":"rectangle","coordinates":{"x":321,"y":305,"width":91,"height":86}}]
/Users/tom/Desktop/MIDS_TPG/W251/MIDS_HW8/images/videoplayback5532.jpg,[{"label":"millenium_falcon","type":"rectangle","coordinates":{"x":872,"y":179,"width":103,"height":66}},{"label":"tiefighter","type":"rectangle","coordinates":{"x":330,"y":296,"width":65,"height":69}}]
/Users/tom/Desktop/MIDS_TPG/W251/MIDS_HW8/images/videoplayback5538.jpg,[{"label":"millenium_falcon","type":"rectangle","coordinates":{"x":861,"y":160,"width":100,"height":49}},{"label":"tiefighter","type":"rectangle","coordinates":{"x":323,"y":303,"width":49,"height":50}}]
/Users/tom/Desktop/MIDS_TPG/W251/MIDS_HW8/images/videoplayback5544.jpg,[{"label":"millenium_falcon","type":"rectangle","coordinates":{"x":834,"y":169,"width":66,"height":30}},{"label":"tiefighter","type":"rectangle","coordinates":{"x":346,"y":325,"width":37,"height":39}}]
/Users/tom/Desktop/MIDS_TPG/W251/MIDS_HW8/images/videoplayback5624.jpg,[{"label":"millenium_falcon","type":"rectangle","coordinates":{"x":603,"y":338,"width":346,"height":139}}]
/Users/tom/Desktop/MIDS_TPG/W251/MIDS_HW8/images/videoplayback5630.jpg,[{"label":"millenium_falcon","type":"rectangle","coordinates":{"x":494,"y":280,"width":215,"height":175}}]
/Users/tom/Desktop/MIDS_TPG/W251/MIDS_HW8/images/videoplayback5636.jpg,[{"label":"millenium_falcon","type":"rectangle","coordinates":{"x":415,"y":217,"width":139,"height":209}}]
/Users/tom/Desktop/MIDS_TPG/W251/MIDS_HW8/images/videoplayback5642.jpg,[{"label":"millenium_falcon","type":"rectangle","coordinates":{"x":294,"y":199,"width":127,"height":201}}]
/Users/tom/Desktop/MIDS_TPG/W251/MIDS_HW8/images/videoplayback5654.jpg,[{"label":"millenium_falcon","type":"rectangle","coordinates":{"x":379,"y":347,"width":145,"height":146}}]
/Users/tom/Desktop/MIDS_TPG/W251/MIDS_HW8/images/videoplayback5660.jpg,[{"label":"millenium_falcon","type":"rectangle","coordinates":{"x":466,"y":312,"width":122,"height":54}}]
/Users/tom/Desktop/MIDS_TPG/W251/MIDS_HW8/images/videoplayback5678.jpg,[{"label":"tiefighter","type":"rectangle","coordinates":{"x":738,"y":249,"width":320,"height":308}},{"label":"millenium_falcon","type":"rectangle","coordinates":{"x":533,"y":290,"width":69,"height":146}}]
/Users/tom/Desktop/MIDS_TPG/W251/MIDS_HW8/images/videoplayback5717.jpg,[{"label":"millenium_falcon","type":"rectangle","coordinates":{"x":314,"y":359,"width":115,"height":96}},{"label":"tiefighter","type":"rectangle","coordinates":{"x":660,"y":272,"width":367,"height":396}}]
/Users/tom/Desktop/MIDS_TPG/W251/MIDS_HW8/images/videoplayback5735.jpg,[{"label":"millenium_falcon","type":"rectangle","coordinates":{"x":668,"y":353,"width":141,"height":117}}]
/Users/tom/Desktop/MIDS_TPG/W251/MIDS_HW8/images/videoplayback5741.jpg,[{"label":"tiefighter","type":"rectangle","coordinates":{"x":122,"y":217,"width":244,"height":288}},{"label":"millenium_falcon","type":"rectangle","coordinates":{"x":680,"y":322,"width":124,"height":143}}]
/Users/tom/Desktop/MIDS_TPG/W251/MIDS_HW8/images/videoplayback5747.jpg,[{"label":"millenium_falcon","type":"rectangle","coordinates":{"x":686,"y":313,"width":110,"height":154}},{"label":"tiefighter","type":"rectangle","coordinates":{"x":81,"y":194,"width":162,"height":244}}]
/Users/tom/Desktop/MIDS_TPG/W251/MIDS_HW8/images/videoplayback5753.jpg,[{"label":"tiefighter","type":"rectangle","coordinates":{"x":97,"y":179,"width":194,"height":210}},{"label":"millenium_falcon","type":"rectangle","coordinates":{"x":721,"y":307,"width":118,"height":159}}]
/Users/tom/Desktop/MIDS_TPG/W251/MIDS_HW8/images/videoplayback5759.jpg,[{"label":"tiefighter","type":"rectangle","coordinates":{"x":138,"y":187,"width":205,"height":231}}]
/Users/tom/Desktop/MIDS_TPG/W251/MIDS_HW8/images/videoplayback5862.jpg,[{"label":"millenium_falcon","type":"rectangle","coordinates":{"x":488,"y":274,"width":58,"height":85}}]
/Users/tom/Desktop/MIDS_TPG/W251/MIDS_HW8/images/videoplayback5868.jpg,[{"label":"millenium_falcon","type":"rectangle","coordinates":{"x":495,"y":284,"width":52,"height":49}}]
/Users/tom/Desktop/MIDS_TPG/W251/MIDS_HW8/images/videoplayback5874.jpg,[{"label":"millenium_falcon","type":"rectangle","coordinates":{"x":503,"y":292,"width":49,"height":22}}]
/Users/tom/Desktop/MIDS_TPG/W251/MIDS_HW8/images/videoplayback5880.jpg,[{"label":"millenium_falcon","type":"rectangle","coordinates":{"x":544,"y":317,"width":37,"height":13}}]
/Users/tom/Desktop/MIDS_TPG/W251/MIDS_HW8/images/videoplayback5898.jpg,[{"label":"tiefighter","type":"rectangle","coordinates":{"x":376,"y":274,"width":125,"height":149}}]
/Users/tom/Desktop/MIDS_TPG/W251/MIDS_HW8/images/videoplayback5904.jpg,[{"label":"tiefighter","type":"rectangle","coordinates":{"x":373,"y":264,"width":176,"height":186}}]
/Users/tom/Desktop/MIDS_TPG/W251/MIDS_HW8/images/videoplayback5910.jpg,[{"label":"tiefighter","type":"rectangle","coordinates":{"x":451,"y":276,"width":219,"height":229}}]
/Users/tom/Desktop/MIDS_TPG/W251/MIDS_HW8/images/videoplayback5916.jpg,[{"label":"tiefighter","type":"rectangle","coordinates":{"x":520,"y":319,"width":233,"height":252}}]
/Users/tom/Desktop/MIDS_TPG/W251/MIDS_HW8/images/videoplayback5922.jpg,[{"label":"tiefighter","type":"rectangle","coordinates":{"x":559,"y":235,"width":267,"height":304}}]
/Users/tom/Desktop/MIDS_TPG/W251/MIDS_HW8/images/videoplayback5928.jpg,[{"label":"tiefighter","type":"rectangle","coordinates":{"x":547,"y":267,"width":350,"height":391}}]
/Users/tom/Desktop/MIDS_TPG/W251/MIDS_HW8/images/videoplayback5934.jpg,[{"label":"tiefighter","type":"rectangle","coordinates":{"x":508,"y":285,"width":427,"height":411}}]
/Users/tom/Desktop/MIDS_TPG/W251/MIDS_HW8/images/videoplayback6014.jpg,[{"label":"millenium_falcon","type":"rectangle","coordinates":{"x":517,"y":274,"width":110,"height":29}}]
/Users/tom/Desktop/MIDS_TPG/W251/MIDS_HW8/images/videoplayback6020.jpg,[{"label":"tiefighter","type":"rectangle","coordinates":{"x":592,"y":321,"width":615,"height":348}},{"label":"millenium_falcon","type":"rectangle","coordinates":{"x":525,"y":281,"width":72,"height":25}}]
/Users/tom/Desktop/MIDS_TPG/W251/MIDS_HW8/images/videoplayback6026.jpg,[{"label":"tiefighter","type":"rectangle","coordinates":{"x":608,"y":300,"width":540,"height":380}},{"label":"millenium_falcon","type":"rectangle","coordinates":{"x":585,"y":289,"width":98,"height":67}}]
/Users/tom/Desktop/MIDS_TPG/W251/MIDS_HW8/images/videoplayback6032.jpg,[{"label":"tiefighter","type":"rectangle","coordinates":{"x":618,"y":351,"width":368,"height":277}}]
/Users/tom/Desktop/MIDS_TPG/W251/MIDS_HW8/images/videoplayback6050.jpg,[{"label":"millenium_falcon","type":"rectangle","coordinates":{"x":371,"y":227,"width":70,"height":52}}]
/Users/tom/Desktop/MIDS_TPG/W251/MIDS_HW8/images/videoplayback6056.jpg,[{"label":"tiefighter","type":"rectangle","coordinates":{"x":113,"y":357,"width":26,"height":26}},{"label":"millenium_falcon","type":"rectangle","coordinates":{"x":439,"y":218,"width":66,"height":61}}]
/Users/tom/Desktop/MIDS_TPG/W251/MIDS_HW8/images/videoplayback6062.jpg,[{"label":"millenium_falcon","type":"rectangle","coordinates":{"x":502,"y":205,"width":70,"height":69}},{"label":"tiefighter","type":"rectangle","coordinates":{"x":181,"y":377,"width":27,"height":26}}]
/Users/tom/Desktop/MIDS_TPG/W251/MIDS_HW8/images/videoplayback6068.jpg,[{"label":"millenium_falcon","type":"rectangle","coordinates":{"x":548,"y":223,"width":65,"height":86}},{"label":"tiefighter","type":"rectangle","coordinates":{"x":239,"y":357,"width":29,"height":27}}]
/Users/tom/Desktop/MIDS_TPG/W251/MIDS_HW8/images/videoplayback6074.jpg,[{"label":"millenium_falcon","type":"rectangle","coordinates":{"x":550,"y":275,"width":70,"height":111}},{"label":"tiefighter","type":"rectangle","coordinates":{"x":275,"y":318,"width":33,"height":32}}]
/Users/tom/Desktop/MIDS_TPG/W251/MIDS_HW8/images/videoplayback6080.jpg,[{"label":"millenium_falcon","type":"rectangle","coordinates":{"x":540,"y":343,"width":142,"height":121}},{"label":"tiefighter","type":"rectangle","coordinates":{"x":312,"y":275,"width":41,"height":41}}]
/Users/tom/Desktop/MIDS_TPG/W251/MIDS_HW8/images/videoplayback6086.jpg,[{"label":"millenium_falcon","type":"rectangle","coordinates":{"x":531,"y":335,"width":348,"height":223}},{"label":"tiefighter","type":"rectangle","coordinates":{"x":343,"y":235,"width":49,"height":48}}]
/Users/tom/Desktop/MIDS_TPG/W251/MIDS_HW8/images/videoplayback6092.jpg,[{"label":"tiefighter","type":"rectangle","coordinates":{"x":379,"y":193,"width":67,"height":67}}]
/Users/tom/Desktop/MIDS_TPG/W251/MIDS_HW8/images/videoplayback6113.jpg,[{"label":"millenium_falcon","type":"rectangle","coordinates":{"x":398,"y":306,"width":796,"height":368}}]
/Users/tom/Desktop/MIDS_TPG/W251/MIDS_HW8/images/videoplayback6119.jpg,[{"label":"millenium_falcon","type":"rectangle","coordinates":{"x":451,"y":220,"width":570,"height":183}}]
/Users/tom/Desktop/MIDS_TPG/W251/MIDS_HW8/images/videoplayback6125.jpg,[{"label":"millenium_falcon","type":"rectangle","coordinates":{"x":523,"y":260,"width":431,"height":138}}]
/Users/tom/Desktop/MIDS_TPG/W251/MIDS_HW8/images/videoplayback6131.jpg,[{"label":"millenium_falcon","type":"rectangle","coordinates":{"x":553,"y":295,"width":356,"height":122}}]
/Users/tom/Desktop/MIDS_TPG/W251/MIDS_HW8/images/videoplayback6137.jpg,[{"label":"millenium_falcon","type":"rectangle","coordinates":{"x":522,"y":311,"width":311,"height":109}}]
/Users/tom/Desktop/MIDS_TPG/W251/MIDS_HW8/images/videoplayback6143.jpg,[{"label":"millenium_falcon","type":"rectangle","coordinates":{"x":516,"y":291,"width":288,"height":136}}]
/Users/tom/Desktop/MIDS_TPG/W251/MIDS_HW8/images/videoplayback6149.jpg,[{"label":"millenium_falcon","type":"rectangle","coordinates":{"x":547,"y":258,"width":260,"height":185}}]
/Users/tom/Desktop/MIDS_TPG/W251/MIDS_HW8/images/videoplayback6155.jpg,[{"label":"millenium_falcon","type":"rectangle","coordinates":{"x":568,"y":235,"width":242,"height":240}}]
/Users/tom/Desktop/MIDS_TPG/W251/MIDS_HW8/images/videoplayback6161.jpg,[{"label":"millenium_falcon","type":"rectangle","coordinates":{"x":560,"y":242,"width":234,"height":282}}]
/Users/tom/Desktop/MIDS_TPG/W251/MIDS_HW8/images/videoplayback6167.jpg,[{"label":"millenium_falcon","type":"rectangle","coordinates":{"x":548,"y":286,"width":233,"height":303}}]
/Users/tom/Desktop/MIDS_TPG/W251/MIDS_HW8/images/videoplayback6173.jpg,[{"label":"millenium_falcon","type":"rectangle","coordinates":{"x":564,"y":283,"width":236,"height":312}}]
/Users/tom/Desktop/MIDS_TPG/W251/MIDS_HW8/images/videoplayback6179.jpg,[{"label":"millenium_falcon","type":"rectangle","coordinates":{"x":583,"y":280,"width":237,"height":318}}]
/Users/tom/Desktop/MIDS_TPG/W251/MIDS_HW8/images/videoplayback6185.jpg,[{"label":"millenium_falcon","type":"rectangle","coordinates":{"x":603,"y":310,"width":236,"height":318}}]
/Users/tom/Desktop/MIDS_TPG/W251/MIDS_HW8/images/videoplayback6203.jpg,[{"label":"tiefighter","type":"rectangle","coordinates":{"x":417,"y":170,"width":96,"height":99}}]
/Users/tom/Desktop/MIDS_TPG/W251/MIDS_HW8/images/videoplayback6209.jpg,[{"label":"tiefighter","type":"rectangle","coordinates":{"x":401,"y":188,"width":83,"height":66}}]
/Users/tom/Desktop/MIDS_TPG/W251/MIDS_HW8/images/videoplayback6259.jpg,[{"label":"tiefighter","type":"rectangle","coordinates":{"x":271,"y":281,"width":542,"height":417}},{"label":"millenium_falcon","type":"rectangle","coordinates":{"x":760,"y":255,"width":345,"height":364}}]
/Users/tom/Desktop/MIDS_TPG/W251/MIDS_HW8/images/videoplayback6265.jpg,[{"label":"millenium_falcon","type":"rectangle","coordinates":{"x":755,"y":317,"width":276,"height":340}},{"label":"tiefighter","type":"rectangle","coordinates":{"x":383,"y":262,"width":375,"height":355}}]
/Users/tom/Desktop/MIDS_TPG/W251/MIDS_HW8/images/videoplayback6271.jpg,[{"label":"millenium_falcon","type":"rectangle","coordinates":{"x":722,"y":313,"width":230,"height":289}},{"label":"tiefighter","type":"rectangle","coordinates":{"x":387,"y":235,"width":293,"height":296}}]
/Users/tom/Desktop/MIDS_TPG/W251/MIDS_HW8/images/videoplayback6277.jpg,[{"label":"millenium_falcon","type":"rectangle","coordinates":{"x":657,"y":321,"width":199,"height":252}}]
/Users/tom/Desktop/MIDS_TPG/W251/MIDS_HW8/images/videoplayback6283.jpg,[{"label":"tiefighter","type":"rectangle","coordinates":{"x":288,"y":318,"width":233,"height":172}},{"label":"millenium_falcon","type":"rectangle","coordinates":{"x":631,"y":380,"width":168,"height":202}}]
/Users/tom/Desktop/MIDS_TPG/W251/MIDS_HW8/images/videoplayback6301.jpg,[{"label":"tiefighter","type":"rectangle","coordinates":{"x":510,"y":209,"width":21,"height":17}},{"label":"millenium_falcon","type":"rectangle","coordinates":{"x":625,"y":270,"width":78,"height":105}},{"label":"tiefighter","type":"rectangle","coordinates":{"x":433,"y":199,"width":24,"height":23}}]
/Users/tom/Desktop/MIDS_TPG/W251/MIDS_HW8/images/videoplayback6307.jpg,[{"label":"millenium_falcon","type":"rectangle","coordinates":{"x":634,"y":304,"width":91,"height":84}}]
/Users/tom/Desktop/MIDS_TPG/W251/MIDS_HW8/images/videoplayback6313.jpg,[{"label":"millenium_falcon","type":"rectangle","coordinates":{"x":630,"y":316,"width":113,"height":57}},{"label":"tiefighter","type":"rectangle","coordinates":{"x":493,"y":148,"width":34,"height":31}}]
/Users/tom/Desktop/MIDS_TPG/W251/MIDS_HW8/images/videoplayback6319.jpg,[{"label":"millenium_falcon","type":"rectangle","coordinates":{"x":642,"y":331,"width":135,"height":68}}]
/Users/tom/Desktop/MIDS_TPG/W251/MIDS_HW8/images/videoplayback6325.jpg,[{"label":"millenium_falcon","type":"rectangle","coordinates":{"x":631,"y":332,"width":168,"height":83}},{"label":"tiefighter","type":"rectangle","coordinates":{"x":466,"y":116,"width":40,"height":31}},{"label":"tiefighter","type":"rectangle","coordinates":{"x":401,"y":125,"width":33,"height":29}}]
/Users/tom/Desktop/MIDS_TPG/W251/MIDS_HW8/images/videoplayback6331.jpg,[{"label":"millenium_falcon","type":"rectangle","coordinates":{"x":613,"y":334,"width":238,"height":126}},{"label":"tiefighter","type":"rectangle","coordinates":{"x":475,"y":122,"width":44,"height":50}},{"label":"tiefighter","type":"rectangle","coordinates":{"x":405,"y":162,"width":37,"height":35}}]
/Users/tom/Desktop/MIDS_TPG/W251/MIDS_HW8/images/videoplayback6434.jpg,[{"label":"millenium_falcon","type":"rectangle","coordinates":{"x":375,"y":313,"width":73,"height":23}}]
/Users/tom/Desktop/MIDS_TPG/W251/MIDS_HW8/images/videoplayback6440.jpg,[{"label":"millenium_falcon","type":"rectangle","coordinates":{"x":417,"y":299,"width":59,"height":28}}]
/Users/tom/Desktop/MIDS_TPG/W251/MIDS_HW8/images/videoplayback6446.jpg,[{"label":"millenium_falcon","type":"rectangle","coordinates":{"x":420,"y":290,"width":45,"height":33}}]
/Users/tom/Desktop/MIDS_TPG/W251/MIDS_HW8/images/videoplayback6452.jpg,[{"label":"millenium_falcon","type":"rectangle","coordinates":{"x":425,"y":279,"width":38,"height":31}}]
/Users/tom/Desktop/MIDS_TPG/W251/MIDS_HW8/images/videoplayback6458.jpg,[{"label":"millenium_falcon","type":"rectangle","coordinates":{"x":430,"y":269,"width":31,"height":27}}]
/Users/tom/Desktop/MIDS_TPG/W251/MIDS_HW8/images/videoplayback6464.jpg,[{"label":"millenium_falcon","type":"rectangle","coordinates":{"x":432,"y":254,"width":27,"height":25}}]
/Users/tom/Desktop/MIDS_TPG/W251/MIDS_HW8/images/videoplayback6470.jpg,[{"label":"millenium_falcon","type":"rectangle","coordinates":{"x":430,"y":241,"width":25,"height":22}}]
/Users/tom/Desktop/MIDS_TPG/W251/MIDS_HW8/images/videoplayback6476.jpg,[{"label":"millenium_falcon","type":"rectangle","coordinates":{"x":422,"y":231,"width":24,"height":20}}]
/Users/tom/Desktop/MIDS_TPG/W251/MIDS_HW8/images/videoplayback6482.jpg,[{"label":"millenium_falcon","type":"rectangle","coordinates":{"x":413,"y":222,"width":23,"height":20}}]
/Users/tom/Desktop/MIDS_TPG/W251/MIDS_HW8/images/videoplayback6488.jpg,[{"label":"millenium_falcon","type":"rectangle","coordinates":{"x":409,"y":208,"width":20,"height":18}}]
/Users/tom/Desktop/MIDS_TPG/W251/MIDS_HW8/images/videoplayback6494.jpg,[{"label":"millenium_falcon","type":"rectangle","coordinates":{"x":401,"y":201,"width":20,"height":18}}]
/Users/tom/Desktop/MIDS_TPG/W251/MIDS_HW8/images/videoplayback6500.jpg,[{"label":"millenium_falcon","type":"rectangle","coordinates":{"x":391,"y":193,"width":18,"height":16}}]
/Users/tom/Desktop/MIDS_TPG/W251/MIDS_HW8/images/videoplayback6506.jpg,[{"label":"millenium_falcon","type":"rectangle","coordinates":{"x":380,"y":182,"width":17,"height":17}}]
/Users/tom/Desktop/MIDS_TPG/W251/MIDS_HW8/images/videoplayback6512.jpg,[{"label":"millenium_falcon","type":"rectangle","coordinates":{"x":377,"y":173,"width":17,"height":15}}]
/Users/tom/Desktop/MIDS_TPG/W251/MIDS_HW8/images/videoplayback6518.jpg,[{"label":"millenium_falcon","type":"rectangle","coordinates":{"x":376,"y":164,"width":16,"height":15}}]
/Users/tom/Desktop/MIDS_TPG/W251/MIDS_HW8/images/videoplayback6524.jpg,[{"label":"millenium_falcon","type":"rectangle","coordinates":{"x":370,"y":157,"width":15,"height":13}}]
/Users/tom/Desktop/MIDS_TPG/W251/MIDS_HW8/images/videoplayback6530.jpg,[{"label":"millenium_falcon","type":"rectangle","coordinates":{"x":485,"y":303,"width":53,"height":39}}]
/Users/tom/Desktop/MIDS_TPG/W251/MIDS_HW8/images/videoplayback6536.jpg,[{"label":"millenium_falcon","type":"rectangle","coordinates":{"x":481,"y":298,"width":59,"height":39}}]
/Users/tom/Desktop/MIDS_TPG/W251/MIDS_HW8/images/videoplayback6542.jpg,[{"label":"millenium_falcon","type":"rectangle","coordinates":{"x":475,"y":294,"width":67,"height":37}}]
/Users/tom/Desktop/MIDS_TPG/W251/MIDS_HW8/images/videoplayback6548.jpg,[{"label":"millenium_falcon","type":"rectangle","coordinates":{"x":467,"y":293,"width":78,"height":36}}]
/Users/tom/Desktop/MIDS_TPG/W251/MIDS_HW8/images/videoplayback6554.jpg,[{"label":"millenium_falcon","type":"rectangle","coordinates":{"x":460,"y":287,"width":89,"height":33}}]
/Users/tom/Desktop/MIDS_TPG/W251/MIDS_HW8/images/videoplayback6560.jpg,[{"label":"millenium_falcon","type":"rectangle","coordinates":{"x":456,"y":284,"width":104,"height":28}}]
/Users/tom/Desktop/MIDS_TPG/W251/MIDS_HW8/images/videoplayback6566.jpg,[{"label":"millenium_falcon","type":"rectangle","coordinates":{"x":452,"y":280,"width":120,"height":33}}]
/Users/tom/Desktop/MIDS_TPG/W251/MIDS_HW8/images/videoplayback6572.jpg,[{"label":"millenium_falcon","type":"rectangle","coordinates":{"x":449,"y":279,"width":147,"height":44}}]
/Users/tom/Desktop/MIDS_TPG/W251/MIDS_HW8/images/videoplayback6578.jpg,[{"label":"millenium_falcon","type":"rectangle","coordinates":{"x":437,"y":275,"width":181,"height":65}}]
/Users/tom/Desktop/MIDS_TPG/W251/MIDS_HW8/images/videoplayback6584.jpg,[{"label":"millenium_falcon","type":"rectangle","coordinates":{"x":400,"y":270,"width":242,"height":88}}]
/Users/tom/Desktop/MIDS_TPG/W251/MIDS_HW8/images/videoplayback6590.jpg,[{"label":"millenium_falcon","type":"rectangle","coordinates":{"x":361,"y":278,"width":358,"height":151}}]
/Users/tom/Desktop/MIDS_TPG/W251/MIDS_HW8/images/videoplayback6614.jpg,[{"label":"millenium_falcon","type":"rectangle","coordinates":{"x":257,"y":295,"width":318,"height":165}}]
/Users/tom/Desktop/MIDS_TPG/W251/MIDS_HW8/images/videoplayback6620.jpg,[{"label":"millenium_falcon","type":"rectangle","coordinates":{"x":331,"y":275,"width":212,"height":95}}]
/Users/tom/Desktop/MIDS_TPG/W251/MIDS_HW8/images/videoplayback6626.jpg,[{"label":"millenium_falcon","type":"rectangle","coordinates":{"x":347,"y":262,"width":167,"height":57}}]
/Users/tom/Desktop/MIDS_TPG/W251/MIDS_HW8/images/videoplayback6632.jpg,[{"label":"millenium_falcon","type":"rectangle","coordinates":{"x":377,"y":257,"width":128,"height":32}}]
/Users/tom/Desktop/MIDS_TPG/W251/MIDS_HW8/images/videoplayback6638.jpg,[{"label":"millenium_falcon","type":"rectangle","coordinates":{"x":402,"y":254,"width":105,"height":27}}]
/Users/tom/Desktop/MIDS_TPG/W251/MIDS_HW8/images/videoplayback6644.jpg,[{"label":"millenium_falcon","type":"rectangle","coordinates":{"x":417,"y":257,"width":90,"height":28}}]
/Users/tom/Desktop/MIDS_TPG/W251/MIDS_HW8/images/videoplayback6650.jpg,[{"label":"millenium_falcon","type":"rectangle","coordinates":{"x":425,"y":267,"width":72,"height":27}}]
/Users/tom/Desktop/MIDS_TPG/W251/MIDS_HW8/images/videoplayback6656.jpg,[{"label":"millenium_falcon","type":"rectangle","coordinates":{"x":429,"y":267,"width":62,"height":26}}]
/Users/tom/Desktop/MIDS_TPG/W251/MIDS_HW8/images/videoplayback6662.jpg,[{"label":"millenium_falcon","type":"rectangle","coordinates":{"x":432,"y":271,"width":55,"height":24}}]
/Users/tom/Desktop/MIDS_TPG/W251/MIDS_HW8/images/videoplayback6668.jpg,[{"label":"millenium_falcon","type":"rectangle","coordinates":{"x":436,"y":273,"width":49,"height":22}}]
/Users/tom/Desktop/MIDS_TPG/W251/MIDS_HW8/images/videoplayback6674.jpg,[{"label":"millenium_falcon","type":"rectangle","coordinates":{"x":441,"y":275,"width":43,"height":20}}]
/Users/tom/Desktop/MIDS_TPG/W251/MIDS_HW8/images/videoplayback6680.jpg,[{"label":"millenium_falcon","type":"rectangle","coordinates":{"x":446,"y":276,"width":38,"height":18}}]
/Users/tom/Desktop/MIDS_TPG/W251/MIDS_HW8/images/videoplayback6686.jpg,[{"label":"millenium_falcon","type":"rectangle","coordinates":{"x":450,"y":274,"width":33,"height":17}}]
/Users/tom/Desktop/MIDS_TPG/W251/MIDS_HW8/images/videoplayback6692.jpg,[{"label":"millenium_falcon","type":"rectangle","coordinates":{"x":456,"y":273,"width":30,"height":16}}]
/Users/tom/Desktop/MIDS_TPG/W251/MIDS_HW8/images/videoplayback6698.jpg,[{"label":"millenium_falcon","type":"rectangle","coordinates":{"x":459,"y":273,"width":29,"height":16}}]
/Users/tom/Desktop/MIDS_TPG/W251/MIDS_HW8/images/videoplayback6704.jpg,[{"label":"millenium_falcon","type":"rectangle","coordinates":{"x":464,"y":273,"width":27,"height":15}}]